,HIP,Plx,Vmag,B-V,distance,M_V,Lum,Brightness
39,169,1.57,17.26,1.39,637,8.24,4.334e-02,8.5116e-09
40,171,1.20,14.94,0.69,833,5.33,6.295e-01,7.2118e-08
91,428,2.23,17.90,1.47,448,9.65,1.183e-02,4.7011e-09
94,436,0.24,20.54,1.08,4123,7.47,8.801e-02,4.1203e-10
96,439,0.96,20.46,1.46,1044,10.36,6.125e-03,4.4699e-10
101,473,1.94,16.41,1.41,516,7.85,6.196e-02,1.8503e-08
113,523,0.26,23.86,1.55,3833,10.95,3.577e-03,1.9374e-11
116,544,0.99,15.40,0.75,1006,5.39,5.992e-01,4.7087e-08
151,746,0.22,14.41,0.38,4461,1.17,2.919e+01,1.1674e-07
186,910,0.22,16.82,0.49,4603,3.51,3.376e+00,1.2678e-08
230,1092,0.30,22.29,1.56,3315,9.68,1.145e-02,8.2936e-11
261,1242,0.24,26.03,1.75,4223,12.90,5.889e-04,2.6283e-12
268,1292,0.26,18.31,0.75,3886,5.36,6.136e-01,3.2345e-09
287,1368,0.31,20.62,1.37,3176,8.11,4.871e-02,3.8430e-10
313,1463,0.21,23.20,1.48,4727,9.83,9.997e-03,3.5596e-11
316,1475,0.56,21.59,1.56,1784,10.33,6.322e-03,1.5800e-10
335,1599,1.06,14.43,0.58,941,4.56,1.283e+00,1.1532e-07
361,1696,0.45,20.86,1.48,2209,9.14,1.891e-02,3.0836e-10
366,1720,0.66,21.62,1.54,1519,10.71,4.450e-03,1.5340e-10
370,1734,0.25,22.90,1.49,4065,9.86,9.743e-03,4.6910e-11
395,1860,2.24,18.08,1.46,446,9.84,9.950e-03,3.9882e-09
414,1936,0.21,20.01,0.94,4712,6.64,1.883e-01,6.7509e-10
429,2021,1.15,13.15,0.62,869,3.45,3.558e+00,3.7494e-07
446,2120,1.48,18.61,1.46,675,9.46,1.405e-02,2.4514e-09
527,2552,0.26,23.17,1.52,3851,10.24,6.839e-03,3.6691e-11
609,2941,0.46,16.28,0.71,2152,4.61,1.220e+00,2.0963e-08
633,3093,1.19,15.28,0.85,844,5.65,4.691e-01,5.2453e-08
659,3206,0.25,19.18,0.94,4001,6.17,2.902e-01,1.4427e-09
670,3261,0.24,22.23,1.43,4247,9.09,1.982e-02,8.7421e-11
752,3583,0.27,17.78,0.64,3721,4.93,9.139e-01,5.2522e-09
754,3588,0.46,18.54,1.25,2161,6.87,1.533e-01,2.6128e-09
782,3765,0.30,18.98,0.89,3322,6.38,2.407e-01,1.7356e-09
791,3821,0.20,18.03,0.59,4894,4.59,1.252e+00,4.1577e-09
792,3829,1.70,23.00,0.55,588,14.15,1.871e-04,4.3033e-11
797,3850,1.20,15.38,0.77,833,5.78,4.188e-01,4.8062e-08
809,3909,0.25,17.26,0.51,4039,4.22,1.747e+00,8.5240e-09
834,4012,0.84,19.72,1.36,1197,9.33,1.583e-02,8.7951e-10
837,4022,0.64,19.00,1.29,1554,8.04,5.193e-02,1.7119e-09
864,4148,0.67,17.29,0.94,1500,6.41,2.341e-01,8.2798e-09
865,4151,0.27,16.33,0.54,3750,3.46,3.545e+00,2.0062e-08
927,4473,0.62,19.12,1.30,1622,8.07,5.078e-02,1.5361e-09
942,4569,0.35,23.48,1.56,2882,11.18,2.876e-03,2.7557e-11
991,4856,0.20,23.89,1.50,4941,10.43,5.779e-03,1.8834e-11
994,4872,0.35,21.85,1.46,2883,9.55,1.297e-02,1.2420e-10
1009,4927,0.34,22.67,1.59,2980,10.29,6.517e-03,5.8394e-11
1078,5247,0.32,20.60,1.29,3144,8.11,4.863e-02,3.9159e-10
1107,5336,0.26,18.70,0.70,3842,5.78,4.171e-01,2.2480e-09
1141,5496,0.87,20.56,1.57,1154,10.25,6.810e-03,4.0722e-10
1165,5643,0.20,27.73,1.85,4956,14.25,1.707e-04,5.5307e-13
1205,5812,0.53,21.47,1.64,1900,10.08,7.957e-03,1.7544e-10
1217,5862,0.34,16.45,0.57,2982,4.08,1.992e+00,1.7826e-08
1245,6005,0.44,21.98,1.51,2250,10.22,6.965e-03,1.0951e-10
1259,6069,0.60,21.21,1.48,1675,10.09,7.837e-03,2.2238e-10
1298,6290,0.59,20.13,1.34,1706,8.97,2.209e-02,6.0384e-10
1313,6351,8.19,14.45,1.38,122,9.01,2.119e-02,1.1315e-07
1320,6379,0.89,16.30,0.83,1129,6.04,3.278e-01,2.0463e-08
1509,7170,1.51,19.02,1.49,661,9.92,9.229e-03,1.6800e-09
1520,7235,0.73,16.19,0.77,1363,5.52,5.300e-01,2.2712e-08
1579,7513,0.24,16.51,0.54,4091,3.45,3.553e+00,1.6898e-08
1605,7646,2.83,17.96,1.50,354,10.22,6.987e-03,4.4384e-09
1628,7751,1.12,15.97,0.88,896,6.21,2.818e-01,2.7938e-08
1668,7918,0.27,17.33,0.62,3770,4.45,1.418e+00,7.9428e-09
1682,7978,0.24,17.46,0.55,4240,4.32,1.595e+00,7.0593e-09
1683,7981,0.48,17.46,0.84,2075,5.87,3.823e-01,7.0621e-09
1697,8051,0.53,22.05,1.52,1885,10.67,4.598e-03,1.0297e-10
1702,8070,0.69,18.60,1.20,1458,7.78,6.611e-02,2.4752e-09
1706,8102,0.23,18.90,0.73,4402,5.68,4.570e-01,1.8772e-09
1754,8362,1.66,14.53,0.80,601,5.64,4.763e-01,1.0484e-07
1821,8691,1.21,20.14,1.48,827,10.55,5.131e-03,5.9739e-10
1824,8709,9.99,16.44,0.17,100,11.44,2.271e-03,1.8030e-08
1837,8768,0.69,19.48,1.42,1455,8.67,2.923e-02,1.0993e-09
1842,8796,1.52,11.04,0.49,657,1.95,1.416e+01,2.6114e-06
1868,8903,0.20,14.80,0.17,4938,1.33,2.508e+01,8.1846e-08
1884,9007,0.46,14.18,0.84,2189,2.48,8.737e+00,1.4515e-07
1892,9044,0.33,19.55,1.14,3032,7.14,1.194e-01,1.0338e-09
1934,9291,0.47,23.43,1.54,2107,11.81,1.613e-03,2.8922e-11
2028,9724,1.02,20.28,1.51,982,10.32,6.396e-03,5.2787e-10
2044,9786,0.57,23.47,1.72,1740,12.27,1.058e-03,2.7795e-11
2101,10072,0.26,23.19,1.52,3808,10.29,6.549e-03,3.5932e-11
2113,10138,1.55,14.98,0.81,645,5.93,3.630e-01,6.9374e-08
2134,10279,0.21,23.35,1.43,4765,9.96,8.891e-03,3.1164e-11
2160,10395,0.39,21.90,1.48,2579,9.85,9.847e-03,1.1785e-10
2209,10617,0.28,24.02,1.58,3587,11.25,2.703e-03,1.6717e-11
2215,10644,0.23,17.90,0.61,4431,4.66,1.166e+00,4.7237e-09
2254,10798,0.29,18.50,0.72,3440,5.81,4.037e-01,2.7152e-09
2256,10812,0.51,22.31,1.51,1948,10.86,3.861e-03,8.0929e-11
2301,11048,0.29,21.70,1.47,3438,9.02,2.109e-02,1.4202e-10
2386,11452,4.21,14.47,1.40,238,7.59,7.880e-02,1.1099e-07
2414,11565,0.83,17.80,1.12,1205,7.40,9.399e-02,5.1477e-09
2505,11964,15.60,12.62,1.39,64,8.58,3.150e-02,6.1015e-07
2530,12097,0.41,21.90,1.47,2445,9.95,8.916e-03,1.1869e-10
2536,12114,0.39,18.55,0.92,2564,6.50,2.146e-01,2.5986e-09
2580,12351,0.41,20.31,1.40,2421,8.39,3.770e-02,5.1169e-10
2641,12653,0.24,17.34,0.56,4208,4.22,1.759e+00,7.9027e-09
2650,12709,0.20,20.34,1.07,4897,6.89,1.503e-01,4.9873e-10
2665,12777,0.25,16.88,0.51,4039,3.85,2.471e+00,1.2058e-08
2668,12781,8.26,16.58,1.53,121,11.16,2.938e-03,1.5937e-08
2680,12843,1.47,12.90,0.48,679,3.74,2.721e+00,4.6944e-07
2702,12929,8.97,12.82,1.27,111,7.58,7.937e-02,5.0850e-07
2760,13218,0.76,20.73,1.51,1312,10.14,7.538e-03,3.4860e-10
2796,13375,0.78,19.37,1.31,1282,8.83,2.509e-02,1.2146e-09
2798,13389,0.30,23.64,1.55,3285,11.06,3.235e-03,2.3860e-11
2803,13402,0.37,18.14,0.86,2721,5.97,3.503e-01,3.7663e-09
3024,14445,0.39,20.26,1.36,2550,8.22,4.395e-02,5.3794e-10
3063,14632,0.49,15.47,0.59,2024,3.94,2.276e+00,4.4198e-08
3070,14669,0.26,22.08,1.47,3816,9.17,1.838e-02,1.0046e-10
3080,14731,0.20,24.08,1.50,4917,10.62,4.833e-03,1.5907e-11
3084,14754,0.21,24.74,0.03,4750,11.36,2.450e-03,8.6396e-12
3113,14879,0.23,16.23,0.54,4315,3.05,5.143e+00,2.1975e-08
3155,15095,0.22,21.09,1.24,4454,7.85,6.188e-02,2.4824e-10
3179,15220,0.23,23.12,1.43,4444,9.88,9.509e-03,3.8320e-11
3201,15330,0.23,18.34,0.64,4411,5.11,7.709e-01,3.1522e-09
3208,15366,2.56,17.06,1.45,391,9.10,1.963e-02,1.0222e-08
3210,15371,0.34,17.18,0.60,2945,4.83,1.000e+00,9.1768e-09
3234,15457,0.84,15.42,0.68,1196,5.03,8.312e-01,4.6240e-08
3246,15510,0.59,16.48,0.71,1688,5.35,6.208e-01,1.7337e-08
3272,15638,1.81,19.24,1.59,554,10.52,5.293e-03,1.3725e-09
3295,15771,0.22,21.99,1.39,4456,8.74,2.724e-02,1.0921e-10
3296,15774,0.49,18.67,1.07,2059,7.10,1.233e-01,2.3149e-09
3301,15799,0.23,18.95,0.84,4394,5.74,4.338e-01,1.7874e-09
3308,15844,0.20,22.37,1.51,4958,8.90,2.359e-02,7.6370e-11
3319,15919,0.76,17.57,1.15,1321,6.96,1.403e-01,6.3921e-09
3345,16069,0.57,18.21,1.13,1740,7.01,1.344e-01,3.5335e-09
3361,16134,1.96,16.43,1.34,511,7.89,5.996e-02,1.8299e-08
3434,16536,0.52,22.69,1.56,1907,11.29,2.606e-03,5.7015e-11
3435,16537,0.42,18.05,0.88,2362,6.18,2.879e-01,4.1069e-09
3467,16711,1.21,17.53,1.31,829,7.94,5.695e-02,6.6000e-09
3497,16852,0.23,16.78,0.57,4318,3.60,3.095e+00,1.3210e-08
3604,17378,0.30,16.34,0.92,3308,3.74,2.733e+00,1.9880e-08
3610,17405,0.56,21.05,1.47,1800,9.77,1.056e-02,2.5938e-10
3613,17414,0.95,18.93,1.42,1057,8.81,2.557e-02,1.8219e-09
3615,17420,0.39,18.41,0.93,2568,6.36,2.440e-01,2.9442e-09
3617,17439,0.21,19.31,0.87,4719,5.94,3.601e-01,1.2866e-09
3652,17609,0.80,19.28,1.44,1251,8.79,2.601e-02,1.3225e-09
3653,17651,0.99,12.97,0.43,1006,2.95,5.635e+00,4.4287e-07
3666,17695,0.30,23.12,1.51,3295,10.53,5.235e-03,3.8365e-11
3678,17743,0.24,22.93,1.50,4125,9.85,9.802e-03,4.5848e-11
3681,17749,4.32,14.79,1.31,231,7.97,5.549e-02,8.2537e-08
3682,17750,3.08,15.76,1.53,324,8.21,4.448e-02,3.3658e-08
3785,18280,0.21,21.46,1.37,4733,8.08,5.006e-02,1.7785e-10
3820,18450,0.52,19.04,1.21,1928,7.62,7.673e-02,1.6429e-09
3831,18512,0.58,18.26,1.11,1724,7.08,1.258e-01,3.3680e-09
3871,18774,0.32,19.67,1.13,3147,7.18,1.146e-01,9.2073e-10
3887,18859,0.32,16.46,0.52,3155,3.96,2.228e+00,1.7814e-08
3895,18915,2.33,15.34,0.86,429,7.18,1.151e-01,4.9773e-08
3921,19076,0.20,18.23,0.62,4893,4.78,1.044e+00,3.4709e-09
3985,19337,0.44,21.30,1.50,2295,9.50,1.359e-02,2.0529e-10
3993,19394,0.53,22.28,1.48,1878,10.91,3.683e-03,8.3073e-11
3999,19422,0.54,17.70,0.95,1842,6.37,2.424e-01,5.6817e-09
4090,19849,0.37,18.08,0.82,2713,5.92,3.678e-01,3.9774e-09
4104,19884,0.47,18.69,1.11,2121,7.06,1.286e-01,2.2740e-09
4112,19921,0.35,15.42,1.08,2867,3.14,4.762e+00,4.6101e-08
4366,20917,0.70,18.77,1.36,1424,8.00,5.386e-02,2.1150e-09
4376,20968,0.33,24.21,0.65,2999,11.83,1.587e-03,1.4039e-11
4384,21000,0.25,22.46,0.60,3964,9.47,1.392e-02,7.0487e-11
4403,21088,1.12,21.87,1.17,895,12.11,1.222e-03,1.2125e-10
4484,21421,0.30,12.00,1.54,3355,-0.63,1.529e+02,1.0814e-06
4504,21482,0.88,17.12,1.10,1137,6.84,1.568e-01,9.6444e-09
4519,21553,0.34,20.93,1.42,2955,8.58,3.166e-02,2.8846e-10
4520,21556,0.40,22.09,1.50,2484,10.12,7.679e-03,9.8996e-11
4575,21818,0.90,17.66,1.09,1108,7.44,9.037e-02,5.8572e-09
4602,21932,0.22,23.39,1.52,4599,10.08,7.945e-03,2.9891e-11
4674,22263,1.05,14.77,0.63,954,4.87,9.654e-01,8.4341e-08
4717,22449,3.16,11.17,0.48,317,3.67,2.917e+00,2.3157e-06
4718,22451,0.38,18.32,0.90,2634,6.21,2.793e-01,3.2026e-09
4760,22627,1.46,20.70,1.59,683,11.52,2.103e-03,3.5872e-10
4781,22738,0.22,23.81,1.58,4608,10.49,5.453e-03,2.0440e-11
4784,22762,0.59,21.58,1.55,1693,10.44,5.704e-03,1.5843e-10
4815,22907,0.96,16.94,1.07,1041,6.86,1.544e-01,1.1345e-08
4854,23140,49.18,11.07,1.43,20,9.53,1.319e-02,2.5383e-06
4856,23147,0.92,18.89,1.41,1086,8.71,2.810e-02,1.8980e-09
4891,23311,0.51,17.96,1.05,1969,6.49,2.159e-01,4.4343e-09
4923,23452,0.21,22.07,1.43,4823,8.66,2.943e-02,1.0068e-10
4934,23512,10.95,16.68,1.66,91,11.87,1.522e-03,1.4505e-08
4936,23518,0.24,22.35,1.39,4209,9.23,1.743e-02,7.8261e-11
4963,23693,0.45,16.12,0.53,2235,4.38,1.516e+00,2.4153e-08
4967,23708,0.65,19.61,1.39,1539,8.67,2.906e-02,9.7620e-10
4995,23835,0.24,17.03,0.66,4219,3.91,2.339e+00,1.0456e-08
5018,23932,0.88,20.72,1.52,1140,10.43,5.739e-03,3.5142e-10
5067,24186,0.25,23.91,1.54,4007,10.89,3.750e-03,1.8590e-11
5090,24284,0.80,20.77,1.55,1244,10.29,6.520e-03,3.3515e-10
5151,24608,0.48,11.10,0.80,2067,-0.48,1.330e+02,2.4764e-06
5180,24813,10.40,9.10,0.63,96,4.18,1.819e+00,1.5647e-05
5182,24819,0.40,18.61,1.05,2484,6.63,1.897e-01,2.4464e-09
5218,25119,0.31,18.82,0.98,3246,6.27,2.666e-01,2.0134e-09
5233,25220,0.31,19.70,1.10,3243,7.15,1.182e-01,8.9498e-10
5243,25278,0.28,16.97,0.54,3635,4.17,1.839e+00,1.1076e-08
5246,25283,0.25,20.85,1.25,4010,7.83,6.281e-02,3.1085e-10
5268,25421,0.27,19.26,0.95,3679,6.43,2.287e-01,1.3451e-09
5287,25544,0.33,17.94,0.76,3028,5.53,5.238e-01,4.5469e-09
5291,25578,0.46,24.45,1.65,2153,12.78,6.581e-04,1.1302e-11
5301,25623,0.24,20.16,1.11,4115,7.08,1.255e-01,5.8980e-10
5305,25647,36.39,8.20,0.83,27,6.01,3.380e-01,3.5617e-05
5317,25716,0.36,21.58,1.50,2794,9.35,1.558e-02,1.5884e-10
5324,25775,3.44,15.60,1.34,291,8.28,4.163e-02,3.9104e-08
5340,25878,1.40,18.46,1.47,712,9.19,1.796e-02,2.8206e-09
5350,25953,0.27,23.88,1.64,3737,11.02,3.346e-03,1.9062e-11
5378,26081,0.93,20.55,1.58,1071,10.40,5.911e-03,4.1016e-10
5411,26335,0.48,20.12,1.42,2105,8.50,3.404e-02,6.1138e-10
5423,26394,0.21,17.71,0.60,4710,4.35,1.558e+00,5.5875e-09
5486,26779,0.22,19.10,0.84,4623,5.77,4.204e-01,1.5653e-09
5489,26801,0.21,22.74,1.47,4874,9.30,1.631e-02,5.4634e-11
5499,26857,0.34,25.06,1.68,2901,12.75,6.808e-04,6.4376e-12
5533,27072,0.33,16.22,0.48,3014,3.83,2.521e+00,2.2082e-08
5557,27188,0.90,18.56,1.38,1107,8.34,3.953e-02,2.5647e-09
5581,27321,0.23,15.60,0.17,4319,2.42,9.166e+00,3.9095e-08
5586,27359,0.25,22.86,1.48,4016,9.84,9.900e-03,4.8840e-11
5595,27435,0.45,16.74,0.64,2219,5.01,8.477e-01,1.3705e-08
5652,27887,1.16,16.30,0.94,861,6.63,1.907e-01,2.0494e-08
5659,27913,0.28,17.44,0.59,3527,4.70,1.126e+00,7.1992e-09
5684,28035,0.94,20.03,1.05,1069,9.88,9.541e-03,6.6448e-10
5695,28103,0.32,15.29,0.34,3117,2.82,6.350e+00,5.2017e-08
5741,28368,0.47,21.23,1.48,2136,9.58,1.255e-02,2.1891e-10
5750,28442,23.86,10.09,1.14,42,6.97,1.387e-01,6.2867e-06
5829,28954,1.25,15.32,0.81,797,5.81,4.037e-01,5.0532e-08
5843,29052,0.22,24.91,1.60,4631,11.58,1.989e-03,7.3799e-12
5882,29271,0.45,16.80,0.71,2241,5.05,8.180e-01,1.2968e-08
5884,29277,3.05,18.19,1.51,328,10.62,4.851e-03,3.5900e-09
5887,29295,0.44,21.12,1.49,2272,9.34,1.567e-02,2.4155e-10
5891,29316,0.47,21.91,1.45,2148,10.25,6.811e-03,1.1747e-10
5916,29525,1.59,14.13,0.66,629,5.14,7.518e-01,1.5109e-07
5920,29568,0.82,15.69,0.71,1220,5.26,6.748e-01,3.6060e-08
5957,29800,0.23,16.81,0.43,4431,3.58,3.169e+00,1.2844e-08
5973,29860,1.74,13.07,0.61,576,4.27,1.675e+00,4.0221e-07
6098,30630,0.42,17.81,0.94,2358,5.95,3.568e-01,5.1071e-09
6112,30756,0.63,18.32,1.03,1591,7.31,1.016e-01,3.1938e-09
6135,30920,1.58,22.05,1.69,631,13.05,5.166e-04,1.0315e-10
6191,31300,15.06,14.67,1.50,66,10.56,5.121e-03,9.2386e-08
6228,31555,1.29,18.61,1.46,775,9.16,1.854e-02,2.4559e-09
6235,31592,0.24,15.53,1.04,4103,2.46,8.850e+00,4.1842e-08
6240,31634,0.66,19.63,1.46,1525,8.71,2.802e-02,9.5881e-10
6241,31635,0.48,21.27,1.48,2093,9.66,1.165e-02,2.1165e-10
6277,31862,0.24,22.33,1.38,4198,9.22,1.758e-02,7.9399e-11
6290,32010,0.37,19.02,1.02,2704,6.86,1.539e-01,1.6743e-09
6338,32349,0.21,14.81,0.01,4686,1.45,2.240e+01,8.1161e-08
6342,32362,0.20,15.59,0.44,4915,2.13,1.202e+01,3.9596e-08
6353,32439,0.41,16.13,0.53,2451,4.18,1.817e+00,2.4074e-08
6357,32480,0.83,14.56,0.57,1207,4.15,1.869e+00,1.0211e-07
6363,32560,0.42,23.00,-0.10,2380,11.12,3.044e-03,4.2772e-11
6392,32769,9.48,12.63,1.21,105,7.52,8.432e-02,6.0341e-07
6413,32919,0.43,19.43,1.23,2344,7.58,7.970e-02,1.1548e-09
6424,32984,0.24,19.96,1.07,4117,6.88,1.510e-01,7.0906e-10
6444,33142,0.83,21.28,1.55,1203,10.88,3.816e-03,2.0968e-10
6453,33226,0.34,23.56,1.58,2985,11.18,2.878e-03,2.5705e-11
6461,33277,0.34,16.91,0.57,2954,4.55,1.291e+00,1.1770e-08
6484,33428,0.27,21.15,1.36,3672,8.33,3.986e-02,2.3519e-10
6497,33499,0.92,21.47,1.64,1086,11.29,2.611e-03,1.7616e-10
6526,33690,0.40,17.49,0.79,2520,5.49,5.469e-01,6.8540e-09
6547,33817,3.64,13.08,0.88,274,5.89,3.781e-01,3.9948e-07
6560,33955,4.84,13.59,1.08,206,7.02,1.330e-01,2.4822e-07
6565,34017,0.93,14.69,0.59,1078,4.53,1.324e+00,9.0627e-08
6571,34052,0.42,19.38,1.18,2355,7.52,8.393e-02,1.2041e-09
6573,34065,0.24,17.62,0.62,4196,4.51,1.348e+00,6.0924e-09
6574,34069,0.43,17.77,0.78,2325,5.94,3.607e-01,5.3079e-09
6581,34104,0.25,23.04,1.53,4023,10.01,8.447e-03,4.1540e-11
6585,34115,0.35,23.34,1.53,2896,11.03,3.314e-03,3.1439e-11
6613,34361,0.21,23.35,1.44,4836,9.93,9.132e-03,3.1068e-11
6615,34392,0.25,22.92,1.50,3965,9.93,9.115e-03,4.6129e-11
6636,34603,1.69,21.49,1.70,592,12.63,7.566e-04,1.7174e-10
6684,34890,1.03,17.51,1.25,969,7.58,7.975e-02,6.7562e-09
6714,35136,0.36,16.61,0.58,2754,4.41,1.478e+00,1.5505e-08
6727,35191,0.21,23.81,1.52,4859,10.37,6.060e-03,2.0424e-11
6745,35296,0.23,19.02,0.97,4290,5.85,3.899e-01,1.6856e-09
6753,35353,0.63,20.51,1.51,1595,9.50,1.354e-02,4.2375e-10
6759,35389,0.61,19.35,0.27,1634,8.28,4.170e-02,1.2433e-09
6770,35495,0.50,20.08,1.42,1998,8.58,3.161e-02,6.3010e-10
6780,35550,0.39,14.26,0.37,2563,2.22,1.107e+01,1.3415e-07
6818,35821,0.28,22.31,1.44,3628,9.51,1.342e-02,8.1145e-11
6877,36208,0.27,24.76,1.57,3656,11.94,1.430e-03,8.5121e-12
6879,36215,0.47,21.42,1.50,2122,9.78,1.042e-02,1.8426e-10
6896,36338,2.91,18.66,1.49,344,10.98,3.480e-03,2.3406e-09
6898,36349,0.39,21.04,1.44,2556,9.00,2.150e-02,2.6194e-10
6900,36357,0.58,17.70,0.92,1727,6.51,2.131e-01,5.6843e-09
6901,36366,0.40,14.84,0.32,2529,2.82,6.342e+00,7.8940e-08
6910,36439,0.27,16.70,0.47,3699,3.86,2.453e+00,1.4265e-08
6936,36627,0.46,23.21,1.57,2175,11.52,2.106e-03,3.5434e-11
6937,36626,0.22,23.56,1.44,4628,10.23,6.901e-03,2.5642e-11
6945,36704,19.82,9.72,0.86,50,6.21,2.807e-01,8.7772e-06
6963,36834,0.43,21.95,0.94,2348,10.10,7.814e-03,1.1283e-10
6968,36850,0.87,10.90,0.03,1156,0.59,4.984e+01,2.9696e-06
6981,36915,0.28,23.50,1.59,3515,10.77,4.196e-03,2.7029e-11
6994,36985,0.34,21.45,1.46,2963,9.09,1.975e-02,1.7900e-10
7026,37217,0.24,24.57,1.59,4112,11.50,2.143e-03,1.0085e-11
7036,37279,0.89,12.92,0.43,1119,2.68,7.236e+00,4.6022e-07
7039,37288,0.94,18.93,1.38,1062,8.80,2.584e-02,1.8243e-09
7050,37349,0.66,17.31,0.89,1504,6.42,2.314e-01,8.1420e-09
7111,37766,0.24,25.46,1.60,4234,12.32,1.005e-03,4.4626e-12
7118,37826,0.32,13.58,0.99,3155,1.09,3.139e+01,2.5090e-07
7122,37853,1.05,14.34,0.59,951,4.45,1.418e+00,1.2473e-07
7154,38082,0.98,20.75,1.51,1019,10.71,4.453e-03,3.4100e-10
7204,38382,2.10,12.44,0.60,476,4.05,2.051e+00,7.2009e-07
7212,38423,0.32,16.21,0.47,3133,3.73,2.752e+00,2.2316e-08
7229,38594,0.22,21.61,1.39,4608,8.29,4.113e-02,1.5414e-10
7236,38625,2.60,13.93,0.74,384,6.01,3.372e-01,1.8151e-07
7243,38657,1.70,15.11,0.95,589,6.26,2.687e-01,6.1683e-08
7261,38784,2.44,13.46,0.72,410,5.39,5.959e-01,2.8189e-07
7276,38908,0.39,16.57,0.57,2540,4.54,1.302e+00,1.6054e-08
7277,38910,0.92,17.70,1.14,1087,7.52,8.420e-02,5.6725e-09
7281,38931,0.94,16.96,1.06,1059,6.84,1.571e-01,1.1158e-08
7282,38939,8.14,12.56,1.04,123,7.12,1.215e-01,6.4142e-07
7286,38956,0.86,22.80,1.62,1169,12.46,8.862e-04,5.1587e-11
7315,39157,1.41,15.10,0.72,710,5.84,3.933e-01,6.2125e-08
7343,39342,0.25,19.04,0.87,4068,5.99,3.427e-01,1.6484e-09
7407,39757,0.23,14.57,0.46,4285,1.41,2.334e+01,1.0117e-07
7417,39826,0.27,21.08,1.34,3701,8.24,4.314e-02,2.5062e-10
7434,39987,0.56,21.90,1.52,1786,10.64,4.747e-03,1.1848e-10
7496,40375,0.41,19.41,1.19,2442,7.47,8.765e-02,1.1695e-09
7515,40501,0.23,23.43,1.51,4290,10.27,6.658e-03,2.8780e-11
7542,40693,0.28,18.25,0.75,3624,5.45,5.643e-01,3.4184e-09
7546,40702,0.51,14.08,0.41,1971,2.60,7.764e+00,1.5909e-07
7567,40843,0.40,15.82,0.49,2495,3.84,2.492e+00,3.1855e-08
7687,41554,0.28,22.11,1.57,3636,9.30,1.624e-02,9.7788e-11
7712,41689,0.42,20.74,1.34,2354,8.88,2.391e-02,3.4327e-10
7727,41824,0.40,23.37,1.85,2521,11.36,2.439e-03,3.0531e-11
7746,41926,0.98,16.01,0.78,1025,5.95,3.555e-01,2.6916e-08
7802,42220,0.32,21.02,1.42,3098,8.57,3.205e-02,2.6571e-10
7811,42267,0.37,22.55,1.56,2679,10.41,5.875e-03,6.5122e-11
7840,42430,0.21,16.96,0.72,4808,3.55,3.240e+00,1.1153e-08
7841,42438,0.51,16.32,0.62,1961,4.86,9.748e-01,2.0180e-08
7852,42499,1.18,15.90,0.83,844,6.27,2.652e-01,2.9591e-08
7889,42748,0.22,22.25,1.40,4475,8.99,2.160e-02,8.5847e-11
7894,42762,0.25,23.87,1.55,3970,10.88,3.803e-03,1.9201e-11
7901,42808,1.14,16.05,0.92,874,6.35,2.475e-01,2.5812e-08
7907,42881,1.88,17.96,1.43,531,9.34,1.572e-02,4.4437e-09
8019,43510,0.22,23.58,1.48,4604,10.26,6.730e-03,2.5264e-11
8024,43534,1.58,17.18,1.32,634,8.17,4.599e-02,9.1146e-09
8032,43587,0.41,17.42,0.87,2453,5.47,5.546e-01,7.3337e-09
8061,43726,0.79,15.36,0.66,1265,4.85,9.856e-01,4.8979e-08
8105,43948,2.48,17.55,1.51,403,9.53,1.323e-02,6.4694e-09
8136,44127,0.40,14.27,0.22,2489,2.29,1.035e+01,1.3297e-07
8164,44248,0.46,14.55,0.46,2159,2.88,6.016e+00,1.0268e-07
8175,44295,10.85,12.18,1.28,92,7.35,9.774e-02,9.1521e-07
8246,44722,0.75,19.32,1.42,1337,8.69,2.858e-02,1.2723e-09
8286,44897,0.24,17.65,0.58,4185,4.54,1.306e+00,5.9324e-09
8359,45333,0.29,16.43,0.60,3486,3.72,2.772e+00,1.8158e-08
8361,45343,1.05,18.57,1.41,950,8.68,2.879e-02,2.5373e-09
8362,120005,0.21,22.15,1.42,4863,8.71,2.796e-02,9.4110e-11
8365,45383,2.69,14.43,1.03,372,6.58,1.992e-01,1.1480e-07
8399,45617,0.21,19.34,0.99,4701,5.98,3.463e-01,1.2469e-09
8455,45908,0.60,20.49,1.47,1661,9.39,1.504e-02,4.3395e-10
8562,46488,0.22,24.19,1.51,4505,10.92,3.653e-03,1.4323e-11
8566,46509,0.26,16.38,0.41,3892,3.43,3.647e+00,1.9163e-08
8581,46580,0.40,18.69,1.00,2515,6.68,1.812e-01,2.2803e-09
8592,46626,0.97,16.94,0.98,1028,6.88,1.517e-01,1.1422e-08
8600,46651,0.30,14.90,0.37,3381,2.26,1.069e+01,7.4427e-08
8601,46655,1.04,21.70,1.59,961,11.79,1.651e-03,1.4222e-10
8611,46706,168.72,8.81,1.54,6,9.95,8.974e-03,2.0329e-05
8619,46769,0.25,22.54,1.48,3997,9.53,1.315e-02,6.5510e-11
8627,46816,0.35,18.80,0.93,2884,6.50,2.142e-01,2.0500e-09
8631,46843,0.31,18.34,0.78,3216,5.80,4.076e-01,3.1360e-09
8632,46853,3.18,10.01,0.47,315,2.52,8.390e+00,6.7478e-06
8682,47080,25.58,8.12,0.77,39,5.16,7.393e-01,3.8492e-05
8685,47103,0.27,23.95,1.57,3638,11.14,2.980e-03,1.7914e-11
8753,47425,0.50,22.34,1.52,2003,10.83,3.970e-03,7.8745e-11
8769,47513,0.30,22.71,1.49,3324,10.10,7.770e-03,5.5967e-11
8782,47592,0.23,17.25,0.53,4337,4.07,2.020e+00,8.5471e-09
8787,47619,0.22,24.13,1.52,4478,10.88,3.805e-03,1.5103e-11
8788,47620,1.31,19.63,1.46,766,10.21,7.043e-03,9.5631e-10
8796,47650,0.63,21.87,1.49,1577,10.88,3.802e-03,1.2162e-10
8803,47690,0.39,18.92,1.13,2564,6.88,1.514e-01,1.8324e-09
8813,47741,0.30,23.93,1.54,3318,11.32,2.526e-03,1.8260e-11
8819,47780,0.30,22.87,1.53,3320,10.26,6.728e-03,4.8582e-11
8857,47981,0.75,20.25,1.38,1327,9.63,1.201e-02,5.4290e-10
8881,48113,2.18,12.06,0.62,460,3.75,2.698e+00,1.0167e-06
8918,48331,0.31,20.00,1.16,3266,7.43,9.093e-02,6.7827e-10
8920,48336,8.46,14.72,1.45,118,9.36,1.542e-02,8.7783e-08
8950,48477,1.28,19.02,1.50,781,9.55,1.289e-02,1.6816e-09
8975,48659,1.41,21.00,1.64,711,11.74,1.715e-03,2.7026e-10
8984,48714,0.22,22.19,1.44,4567,8.89,2.382e-02,9.0867e-11
9017,48904,2.50,18.27,1.55,399,10.26,6.714e-03,3.3504e-09
9049,49081,0.20,18.00,0.68,4990,4.50,1.349e+00,4.3116e-09
9053,49091,0.54,21.75,1.49,1856,10.40,5.897e-03,1.3624e-10
9071,49189,0.20,22.65,1.36,4984,9.16,1.845e-02,5.9121e-11
9161,49699,0.55,17.59,0.96,1831,6.28,2.639e-01,6.2609e-09
9201,49908,0.71,18.89,1.33,1399,8.16,4.651e-02,1.8908e-09
9211,49969,0.23,23.42,1.57,4433,10.19,7.187e-03,2.9107e-11
9212,49973,0.20,22.26,1.41,4986,8.77,2.657e-02,8.5043e-11
9215,49986,0.21,23.16,1.49,4702,9.80,1.032e-02,3.7135e-11
9288,50341,0.22,23.63,1.51,4644,10.30,6.484e-03,2.3927e-11
9381,50798,0.32,23.90,3.50,3084,11.45,2.249e-03,1.8817e-11
9412,50954,0.73,13.62,0.37,1367,2.94,5.700e+00,2.4265e-07
9421,51007,0.28,22.45,1.46,3601,9.67,1.162e-02,7.1284e-11
9488,51317,0.23,23.55,1.51,4362,10.35,6.172e-03,2.5808e-11
9515,51459,0.22,17.52,0.54,4454,4.28,1.667e+00,6.6860e-09
9532,51525,0.37,20.06,1.33,2739,7.87,6.057e-02,6.4248e-10
9534,51547,0.20,21.87,1.36,4902,8.42,3.677e-02,1.2177e-10
9656,52186,0.38,22.26,1.50,2635,10.15,7.440e-03,8.5260e-11
9658,52190,0.24,23.32,1.53,4224,10.19,7.147e-03,3.1871e-11
9675,52296,0.39,20.93,1.46,2538,8.91,2.339e-02,2.8890e-10
9683,52341,0.31,21.65,1.46,3195,9.12,1.918e-02,1.4951e-10
9730,52596,0.33,22.94,1.50,3058,10.51,5.334e-03,4.5402e-11
9731,52600,0.55,19.72,1.42,1824,8.41,3.690e-02,8.8232e-10
9807,53020,0.32,25.35,1.68,3111,12.89,5.995e-04,4.9304e-12
9908,53486,0.20,19.60,0.92,4907,6.15,2.969e-01,9.8115e-10
9964,53721,0.69,15.10,0.62,1456,4.29,1.648e+00,6.1869e-08
9974,53767,0.31,23.44,1.52,3180,10.92,3.650e-03,2.8730e-11
10017,53947,0.36,22.34,1.60,2746,10.15,7.469e-03,7.8819e-11
10018,53953,8.75,15.80,1.45,114,10.51,5.367e-03,3.2715e-08
10024,53985,0.36,21.44,1.44,2764,9.24,1.728e-02,1.7990e-10
10034,54035,0.22,23.70,1.50,4459,10.46,5.605e-03,2.2433e-11
10073,54211,1.35,19.75,1.49,740,10.40,5.920e-03,8.6017e-10
10080,54227,0.21,24.48,1.57,4806,11.07,3.198e-03,1.1018e-11
10106,54373,0.26,21.93,1.43,3790,9.03,2.086e-02,1.1552e-10
10142,54532,2.97,17.93,1.53,336,10.30,6.514e-03,4.5872e-09
10171,54646,0.25,20.93,1.25,3988,7.93,5.768e-02,2.8858e-10
10174,54658,0.29,22.49,1.63,3488,9.77,1.052e-02,6.8816e-11
10216,54810,11.96,12.04,1.18,84,7.43,9.120e-02,1.0389e-06
10226,54872,0.36,13.54,0.13,2779,1.32,2.533e+01,2.6090e-07
10240,54952,0.26,19.75,1.04,3812,6.85,1.561e-01,8.5469e-10
10253,55042,0.52,22.57,1.49,1910,11.17,2.917e-03,6.3608e-11
10260,55066,0.22,22.06,1.40,4581,8.75,2.693e-02,1.0211e-10
10269,55119,0.23,21.78,1.38,4408,8.56,3.227e-02,1.3219e-10
10315,55360,1.55,18.57,1.41,647,9.52,1.335e-02,2.5388e-09
10341,55454,0.26,20.94,1.34,3916,7.97,5.526e-02,2.8677e-10
10364,55605,0.43,21.17,1.24,2334,9.33,1.581e-02,2.3091e-10
10381,55691,0.34,18.99,1.27,2915,6.67,1.839e-01,1.7217e-09
10416,55846,81.19,5.71,0.78,12,5.25,6.769e-01,3.5507e-04
10417,55848,0.27,19.11,1.00,3642,6.30,2.570e-01,1.5422e-09
10477,56157,0.41,23.22,1.55,2469,11.26,2.690e-03,3.5117e-11
10491,56238,0.46,20.95,1.44,2173,9.26,1.685e-02,2.8394e-10
10493,56244,6.83,17.28,1.64,146,11.45,2.251e-03,8.3468e-09
10540,56452,0.37,18.20,0.81,2678,6.06,3.213e-01,3.5647e-09
10543,56466,0.48,21.53,1.50,2101,9.91,9.252e-03,1.6679e-10
10554,56528,1.98,18.55,1.49,505,10.03,8.319e-03,2.5967e-09
10583,56662,0.30,24.20,-0.07,3373,11.56,2.025e-03,1.4167e-11
10620,56829,0.21,20.17,0.98,4854,6.74,1.720e-01,5.8086e-10
10660,56998,0.32,19.73,1.06,3089,7.28,1.044e-01,8.7066e-10
10661,56997,1.09,15.22,0.72,917,5.41,5.851e-01,5.5400e-08
10675,57050,1.02,21.60,1.50,981,11.65,1.876e-03,1.5525e-10
10688,57087,0.22,23.86,1.49,4454,10.62,4.830e-03,1.9377e-11
10741,57367,0.24,26.29,0.20,4201,13.18,4.587e-04,2.0677e-12
10755,57443,0.43,16.88,0.66,2310,5.06,8.078e-01,1.2052e-08
10767,57507,0.24,18.35,0.68,4203,5.23,6.912e-01,3.1140e-09
10771,57544,0.27,24.99,1.57,3712,12.14,1.190e-03,6.8703e-12
10773,57548,10.18,18.46,1.75,98,13.50,3.396e-04,2.8027e-09
10796,57632,0.28,14.65,0.09,3530,1.92,1.465e+01,9.3564e-08
10820,57757,0.39,15.46,0.52,2583,3.40,3.723e+00,4.4407e-08
10827,57802,0.47,21.72,1.48,2110,10.10,7.802e-03,1.3944e-10
10853,57939,0.78,17.15,0.75,1282,6.61,1.939e-01,9.3833e-09
10946,58345,0.61,18.03,1.13,1648,6.95,1.419e-01,4.1592e-09
10991,58576,0.26,17.92,0.76,3870,4.99,8.662e-01,4.6018e-09
11089,59072,0.28,15.46,0.35,3612,2.67,7.319e+00,4.4642e-08
11118,59199,0.43,15.00,0.33,2318,3.17,4.599e+00,6.8105e-08
11173,59406,0.21,24.49,1.56,4696,11.13,3.008e-03,1.0853e-11
11201,59514,0.55,20.09,1.38,1823,8.78,2.620e-02,6.2717e-10
11372,60303,1.73,17.16,1.35,580,8.34,3.942e-02,9.3347e-09
11396,60398,0.31,22.92,1.61,3259,10.35,6.186e-03,4.6343e-11
11436,60559,0.87,21.83,1.57,1144,11.54,2.077e-03,1.2638e-10
11514,60910,0.79,21.85,1.67,1274,11.33,2.513e-03,1.2330e-10
11561,61094,0.36,21.31,1.44,2766,9.10,1.953e-02,2.0317e-10
11581,61174,0.20,16.44,0.39,4881,3.00,5.402e+00,1.8041e-08
11611,61291,0.97,16.15,0.84,1032,6.09,3.145e-01,2.3504e-08
11620,61317,0.23,17.79,0.59,4299,4.63,1.207e+00,5.1954e-09
11648,61413,0.26,23.03,1.43,3805,10.13,7.566e-03,4.1584e-11
11669,61495,0.82,20.25,1.48,1227,9.80,1.025e-02,5.4206e-10
11696,61629,1.83,19.41,1.47,547,10.73,4.383e-03,1.1666e-09
11713,61706,0.39,22.59,1.48,2547,10.56,5.124e-03,6.2876e-11
11755,61874,0.39,24.87,1.75,2575,12.82,6.377e-04,7.6565e-12
11763,61901,0.73,17.80,1.11,1361,7.13,1.198e-01,5.1453e-09
11778,61941,0.25,15.37,0.37,3974,2.38,9.594e+00,4.8352e-08
11830,62145,0.96,16.21,0.94,1043,6.12,3.046e-01,2.2283e-08
11843,62207,0.31,17.32,0.56,3263,4.75,1.075e+00,8.0392e-09
11885,62452,0.28,24.57,1.56,3558,11.82,1.603e-03,1.0075e-11
11890,62471,0.64,19.50,1.38,1558,8.53,3.301e-02,1.0820e-09
11891,62472,1.92,15.99,1.15,520,7.41,9.304e-02,2.7416e-08
11901,62523,0.42,17.02,0.70,2408,5.12,7.686e-01,1.0547e-08
11908,62556,2.97,18.53,1.63,336,10.90,3.735e-03,2.6258e-09
11931,62687,0.23,21.53,1.41,4381,8.33,3.994e-02,1.6560e-10
12042,63253,6.40,15.25,1.42,156,9.28,1.656e-02,5.4035e-08
12100,63510,0.32,21.94,1.45,3117,9.47,1.393e-02,1.1407e-10
12109,63550,0.78,20.34,1.49,1285,9.79,1.036e-02,4.9922e-10
12121,63618,0.65,18.06,1.22,1541,7.12,1.208e-01,4.0511e-09
12154,63833,3.67,15.25,1.36,272,8.07,5.061e-02,5.4294e-08
12176,63942,11.63,12.77,1.29,86,8.09,4.952e-02,5.3275e-07
12249,64241,0.24,16.62,0.46,4135,3.54,3.282e+00,1.5273e-08
12279,64394,1.00,14.42,0.57,1001,4.42,1.457e+00,1.1565e-07
12325,64583,0.24,16.72,0.49,4167,3.62,3.045e+00,1.3957e-08
12375,64792,0.27,16.76,0.58,3696,3.92,2.313e+00,1.3470e-08
12377,64797,0.26,19.19,0.93,3897,6.24,2.732e-01,1.4317e-09
12408,64924,0.37,17.25,0.71,2709,5.09,7.896e-01,8.5603e-09
12432,65011,0.35,21.17,1.47,2867,8.88,2.392e-02,2.3163e-10
12433,65012,0.24,23.84,1.47,4150,10.75,4.283e-03,1.9785e-11
12434,65016,0.46,21.08,1.47,2153,9.42,1.460e-02,2.5053e-10
12436,65026,0.25,21.38,1.47,3936,8.40,3.730e-02,1.9166e-10
12453,65109,0.21,14.85,0.07,4720,1.48,2.194e+01,7.8367e-08
12464,65143,0.59,20.75,1.51,1709,9.59,1.251e-02,3.4108e-10
12500,65343,1.78,16.29,1.32,563,7.54,8.236e-02,2.0669e-08
12502,65352,0.36,18.27,0.78,2802,6.04,3.292e-01,3.3358e-09
12503,65355,0.23,19.43,0.87,4367,6.22,2.768e-01,1.1547e-09
12538,65520,0.32,22.47,1.52,3140,9.98,8.675e-03,7.0001e-11
12577,65714,5.85,16.64,1.54,171,10.47,5.523e-03,1.5030e-08
12579,65721,0.53,15.07,0.71,1896,3.68,2.883e+00,6.3786e-08
12606,65859,0.25,22.69,1.49,4070,9.64,1.193e-02,5.7301e-11
12612,65877,1.43,20.25,0.03,697,11.03,3.307e-03,5.4164e-10
12656,66077,2.18,18.99,1.54,459,10.69,4.544e-03,1.7177e-09
12666,66125,4.05,14.86,0.91,247,7.89,5.950e-02,7.7620e-08
12673,66147,1.28,16.11,1.03,780,6.65,1.874e-01,2.4541e-08
12702,66252,0.23,20.97,1.21,4395,7.76,6.741e-02,2.7770e-10
12742,66459,0.25,21.90,1.39,4023,8.87,2.416e-02,1.1877e-10
12773,66625,0.23,22.81,1.37,4335,9.63,1.205e-02,5.1018e-11
12782,66675,0.23,21.97,1.38,4303,8.80,2.587e-02,1.1117e-10
12801,66765,0.49,17.48,0.85,2021,5.95,3.553e-01,6.9229e-09
12827,66906,0.28,25.01,2.40,3596,12.23,1.092e-03,6.7184e-12
12859,67090,0.30,21.79,1.42,3280,9.21,1.764e-02,1.3043e-10
12878,67153,0.65,13.73,0.39,1533,2.81,6.449e+00,2.1830e-07
12879,67155,0.74,20.43,1.44,1342,9.79,1.042e-02,4.5997e-10
12881,67164,0.33,23.91,1.54,3002,11.53,2.098e-03,1.8520e-11
12911,67275,0.49,15.09,0.51,2046,3.53,3.296e+00,6.2674e-08
12919,67308,0.46,18.73,1.32,2154,7.06,1.283e-01,2.2017e-09
12941,67422,0.31,18.89,1.11,3179,6.37,2.412e-01,1.8989e-09
12952,67487,0.23,20.58,1.26,4324,7.40,9.370e-02,3.9884e-10
12977,67620,0.27,17.78,0.70,3708,4.93,9.091e-01,5.2603e-09
12994,67691,0.29,20.79,1.32,3466,8.09,4.974e-02,3.2947e-10
12998,67742,0.30,18.90,0.89,3318,6.29,2.602e-01,1.8810e-09
13043,67927,0.22,15.66,0.58,4472,2.41,9.319e+00,3.7075e-08
13051,67960,0.27,21.24,1.41,3686,8.41,3.715e-02,2.1760e-10
13089,68184,0.43,18.28,1.04,2307,6.47,2.213e-01,3.3088e-09
13133,68469,0.41,21.62,1.46,2452,9.67,1.157e-02,1.5311e-10
13150,68570,0.25,22.23,1.56,3985,9.23,1.743e-02,8.7361e-11
13174,68682,0.23,18.39,0.73,4409,5.17,7.315e-01,2.9950e-09
13220,68933,0.21,14.10,1.01,4778,0.70,4.477e+01,1.5602e-07
13239,69064,0.22,22.47,1.38,4472,9.22,1.762e-02,7.0100e-11
13329,69454,0.52,21.25,1.50,1905,9.85,9.839e-03,2.1579e-10
13333,69485,0.41,20.65,1.42,2468,8.69,2.857e-02,3.7313e-10
13343,69526,0.31,19.39,1.06,3232,6.84,1.572e-01,1.1975e-09
13370,69673,1.97,8.22,1.24,508,-0.31,1.134e+02,3.5004e-05
13411,69824,0.47,20.46,1.39,2106,8.84,2.495e-02,4.4747e-10
13440,69965,0.23,17.83,0.52,4380,4.62,1.214e+00,5.0348e-09
13443,69972,0.21,19.66,1.02,4702,6.29,2.596e-01,9.3428e-10
13495,70218,0.30,20.38,1.27,3333,7.77,6.682e-02,4.7854e-10
13516,70319,6.71,10.89,0.64,149,5.02,8.375e-01,3.0034e-06
13548,70475,0.21,24.83,1.61,4757,11.45,2.255e-03,7.9290e-12
13551,70497,0.75,13.85,0.50,1335,3.22,4.395e+00,1.9626e-07
13560,70529,2.61,16.56,1.42,383,8.64,2.981e-02,1.6197e-08
13561,70536,2.21,17.27,1.45,453,8.99,2.170e-02,8.4259e-09
13630,70857,0.60,16.55,0.77,1679,5.42,5.810e-01,1.6397e-08
13632,70865,0.32,22.35,1.47,3093,9.90,9.399e-03,7.8165e-11
13637,70890,0.36,27.69,1.81,2809,15.45,5.654e-05,5.7028e-13
13649,70956,0.22,21.61,1.40,4565,8.31,4.056e-02,1.5490e-10
13653,70975,0.35,23.98,1.59,2872,11.69,1.811e-03,1.7474e-11
13698,71181,0.28,19.33,1.00,3514,6.60,1.957e-01,1.2614e-09
13716,71253,0.75,23.00,1.63,1325,12.39,9.482e-04,4.2972e-11
13721,71284,0.37,15.68,0.36,2702,3.52,3.332e+00,3.6313e-08
13744,71395,19.05,9.98,0.97,52,6.38,2.391e-01,6.9094e-06
13792,71681,0.28,18.49,0.90,3602,5.70,4.478e-01,2.7458e-09
13794,71683,0.24,17.41,0.71,4109,4.34,1.567e+00,7.3836e-09
13853,71898,0.33,23.30,1.61,3005,10.91,3.702e-03,3.2628e-11
13857,71908,0.25,15.10,0.26,3969,2.11,1.230e+01,6.2115e-08
13868,71957,0.54,13.87,0.39,1868,2.51,8.446e+00,1.9270e-07
13914,72146,0.25,19.44,0.93,4031,6.42,2.320e-01,1.1363e-09
13932,72237,0.77,18.56,1.26,1292,8.00,5.373e-02,2.5621e-09
13947,72312,0.25,19.32,0.89,4038,6.29,2.604e-01,1.2706e-09
13988,72509,0.26,26.69,1.52,3786,13.80,2.583e-04,1.4335e-12
13989,72511,0.29,26.27,1.48,3456,13.58,3.169e-04,2.1111e-12
14004,72567,0.29,17.31,0.58,3497,4.59,1.247e+00,8.1143e-09
14022,72659,0.79,15.93,0.72,1269,5.41,5.863e-01,2.8957e-08
14033,72688,1.79,15.40,1.04,558,6.66,1.849e-01,4.7205e-08
14064,72848,0.78,16.24,0.84,1287,5.69,4.530e-01,2.1747e-08
14073,72944,0.31,22.71,1.50,3254,10.15,7.440e-03,5.5907e-11
14121,73182,0.27,21.47,1.52,3676,8.64,2.994e-02,1.7628e-10
14123,73184,1.90,15.47,1.02,526,6.86,1.537e-01,4.4239e-08
14176,73457,0.33,20.43,1.37,3014,8.04,5.205e-02,4.5606e-10
14178,73470,0.25,21.86,1.43,4072,8.81,2.560e-02,1.2289e-10
14220,73695,0.35,16.56,0.65,2828,4.30,1.627e+00,1.6187e-08
14229,73734,0.31,22.32,1.50,3231,9.78,1.050e-02,8.0043e-11
14241,73786,1.35,17.76,1.30,741,8.41,3.683e-02,5.3317e-09
14277,73996,0.30,16.08,0.43,3342,3.46,3.548e+00,2.5276e-08
14320,74190,0.24,23.73,1.51,4132,10.65,4.682e-03,2.1818e-11
14394,74537,0.27,18.25,0.76,3726,5.39,5.972e-01,3.4234e-09
14424,74702,0.21,19.35,0.83,4768,5.96,3.541e-01,1.2392e-09
14483,74995,0.49,23.13,1.60,2035,11.58,1.988e-03,3.8201e-11
14535,75181,1.05,14.72,0.64,950,4.83,9.956e-01,8.7726e-08
14537,75187,0.22,23.64,2.10,4488,10.38,6.041e-03,2.3870e-11
14542,75201,1.20,17.68,1.31,832,8.08,5.015e-02,5.7589e-09
14569,75312,0.84,14.02,0.58,1194,3.64,2.993e+00,1.6711e-07
14653,75718,0.41,17.36,0.79,2467,5.40,5.918e-01,7.7406e-09
14719,76074,0.38,22.56,1.52,2646,10.44,5.685e-03,6.4595e-11
14759,76315,0.59,18.14,1.06,1696,6.99,1.370e-01,3.7900e-09
14862,76779,0.25,20.98,1.30,4067,7.94,5.723e-02,2.7535e-10
14872,76829,0.33,15.85,0.41,3061,3.42,3.655e+00,3.1044e-08
14873,76832,0.24,24.71,1.65,4104,11.64,1.887e-03,8.9189e-12
14892,76901,0.63,23.27,1.59,1594,12.26,1.067e-03,3.3442e-11
14926,77052,0.87,15.32,0.68,1143,5.03,8.336e-01,5.0774e-08
14969,77257,0.50,15.59,0.60,2016,4.07,2.015e+00,3.9448e-08
14993,77349,1.41,19.56,1.56,709,10.31,6.449e-03,1.0199e-09
14994,77358,19.56,8.64,0.71,51,5.09,7.838e-01,2.3870e-05
15017,77514,0.25,24.67,2.20,4014,11.65,1.873e-03,9.2492e-12
15057,77760,0.41,15.54,0.56,2443,3.60,3.106e+00,4.1402e-08
15062,77801,0.46,16.56,0.60,2184,4.86,9.731e-01,1.6232e-08
15094,77952,0.37,14.52,0.32,2685,2.38,9.560e+00,1.0551e-07
15119,78072,0.55,14.92,0.48,1819,3.62,3.050e+00,7.3349e-08
15145,78170,0.25,20.28,1.12,4077,7.23,1.098e-01,5.2572e-10
15177,78353,0.64,20.73,1.50,1553,9.77,1.055e-02,3.4812e-10
15195,78459,0.45,15.92,0.61,2221,4.18,1.813e+00,2.9247e-08
15267,78775,0.37,18.04,0.73,2713,5.87,3.825e-01,4.1369e-09
15278,78843,0.64,17.02,1.04,1561,6.05,3.253e-01,1.0630e-08
15337,79126,1.28,18.55,1.58,784,9.08,2.001e-02,2.5889e-09
15353,79190,0.76,16.93,0.86,1322,6.32,2.524e-01,1.1489e-08
15362,79248,0.24,18.44,0.88,4220,5.32,6.391e-01,2.8551e-09
15395,79431,0.32,22.94,1.49,3113,10.47,5.523e-03,4.5356e-11
15417,79537,0.21,20.22,0.81,4734,6.84,1.572e-01,5.5798e-10
15448,79672,0.34,17.08,0.65,2920,4.76,1.071e+00,9.9956e-09
15465,79755,0.87,18.76,1.41,1144,8.47,3.497e-02,2.1247e-09
15467,79762,0.21,23.93,1.50,4783,10.54,5.221e-03,1.8159e-11
15507,79979,0.68,16.89,0.58,1462,6.06,3.214e-01,1.1967e-08
15518,80018,0.52,22.33,1.55,1917,10.92,3.665e-03,7.9367e-11
15531,80093,0.64,18.95,1.29,1561,7.98,5.486e-02,1.7914e-09
15571,80268,0.29,21.80,1.46,3463,9.10,1.957e-02,1.2984e-10
15584,80300,1.31,19.88,-0.17,763,10.47,5.538e-03,7.5739e-10
15590,80337,0.28,17.62,0.62,3631,4.82,1.008e+00,6.0829e-09
15592,80346,0.77,21.32,1.48,1306,10.74,4.313e-03,2.0135e-10
15616,80440,0.90,19.36,1.44,1112,9.13,1.899e-02,1.2217e-09
15622,80459,1.53,20.11,1.59,652,11.04,3.286e-03,6.1455e-10
15657,80644,2.21,15.86,1.25,452,7.59,7.888e-02,3.0749e-08
15668,80686,0.25,17.50,0.56,4010,4.49,1.374e+00,6.7978e-09
15675,80725,6.85,11.35,0.85,146,5.53,5.266e-01,1.9634e-06
15697,80824,0.39,23.97,1.60,2539,11.95,1.418e-03,1.7503e-11
15742,81018,0.45,22.80,1.47,2232,11.06,3.223e-03,5.1483e-11
15806,81300,4.94,12.35,0.83,203,5.82,4.023e-01,7.7992e-07
15890,81693,0.34,14.96,0.65,2905,2.64,7.490e+00,7.0615e-08
15944,81935,0.22,20.05,1.02,4619,6.73,1.734e-01,6.4685e-10
15958,82003,0.54,19.48,1.31,1843,8.15,4.697e-02,1.0998e-09
15974,82099,0.35,22.93,2.40,2872,10.64,4.729e-03,4.5636e-11
15996,82256,0.22,23.66,1.60,4605,10.34,6.223e-03,2.3351e-11
15997,82257,1.03,21.98,0.16,974,12.04,1.308e-03,1.0964e-10
16003,82283,0.21,22.95,1.47,4692,9.60,1.241e-02,4.4875e-11
16067,82588,0.48,17.11,0.75,2093,5.51,5.367e-01,9.7505e-09
16085,82694,4.65,16.01,1.41,215,9.35,1.559e-02,2.6870e-08
16093,82724,0.28,24.81,1.73,3565,12.05,1.296e-03,8.1142e-12
16108,82809,0.42,24.53,1.70,2361,12.67,7.331e-04,1.0464e-11
16110,82817,0.42,22.09,1.55,2362,10.23,6.946e-03,9.9106e-11
16114,82834,2.09,16.62,1.38,478,8.22,4.392e-02,1.5274e-08
16121,82860,0.25,17.01,0.48,4021,3.99,2.174e+00,1.0701e-08
16134,82926,0.23,23.60,1.51,4437,10.37,6.109e-03,2.4691e-11
16148,83006,0.37,18.90,1.00,2736,6.71,1.763e-01,1.8748e-09
16152,83020,0.41,18.45,0.98,2463,6.49,2.168e-01,2.8451e-09
16155,83043,0.35,21.92,1.52,2873,9.63,1.200e-02,1.1574e-10
16164,83101,0.24,20.04,1.18,4200,6.92,1.455e-01,6.5656e-10
16228,83389,1.09,15.29,0.73,916,5.48,5.514e-01,5.2276e-08
16257,83541,0.33,17.70,0.81,3018,5.30,6.462e-01,5.6474e-09
16265,83591,0.26,20.51,1.10,3917,7.54,8.227e-02,4.2678e-10
16268,83599,0.24,22.97,1.48,4218,9.84,9.872e-03,4.4155e-11
16308,83762,0.48,22.55,1.56,2087,10.95,3.550e-03,6.4882e-11
16350,83945,0.23,25.63,1.70,4296,12.47,8.816e-04,3.8017e-12
16365,83990,0.20,20.18,0.89,4976,6.70,1.789e-01,5.7488e-10
16381,84051,0.21,22.98,1.46,4848,9.55,1.291e-02,4.3705e-11
16394,84123,0.34,23.65,1.60,2969,11.28,2.624e-03,2.3689e-11
16400,84140,0.37,22.46,1.49,2701,10.31,6.453e-03,7.0381e-11
16433,84277,0.36,22.81,1.55,2755,10.61,4.868e-03,5.1044e-11
16453,84405,0.96,15.54,0.85,1044,5.44,5.677e-01,4.1436e-08
16465,84460,1.43,18.94,1.77,699,9.72,1.105e-02,1.8013e-09
16467,84478,0.40,19.46,1.14,2519,7.45,8.947e-02,1.1218e-09
16478,84521,0.24,23.67,1.52,4085,10.62,4.840e-03,2.3086e-11
16498,84616,0.22,19.86,1.02,4515,6.59,1.976e-01,7.7105e-10
16515,84709,0.50,18.20,1.08,2005,6.69,1.797e-01,3.5571e-09
16518,84720,0.39,17.78,0.76,2548,5.75,4.282e-01,5.2472e-09
16529,84790,0.33,23.35,1.56,3071,10.91,3.692e-03,3.1145e-11
16531,84794,0.77,21.44,1.63,1307,10.86,3.888e-03,1.8111e-10
16543,84862,0.32,17.06,0.62,3116,4.59,1.248e+00,1.0228e-08
16553,84893,0.21,16.56,0.39,4729,3.19,4.539e+00,1.6152e-08
16584,85042,0.32,17.30,0.68,3109,4.83,9.960e-01,8.1997e-09
16622,85235,0.31,18.43,0.76,3201,5.90,3.718e-01,2.8879e-09
16633,85295,0.72,18.81,1.36,1388,8.10,4.911e-02,2.0275e-09
16674,85523,0.43,22.94,1.55,2342,11.10,3.115e-03,4.5201e-11
16681,85561,0.29,21.00,1.27,3447,8.31,4.044e-02,2.7079e-10
16690,85605,1.95,21.47,1.10,512,12.92,5.785e-04,1.7532e-10
16697,85647,3.63,15.74,1.46,275,8.54,3.277e-02,3.4391e-08
16701,85665,0.21,22.76,1.46,4848,9.33,1.580e-02,5.3475e-11
16702,85667,0.34,16.55,0.71,2912,4.23,1.739e+00,1.6320e-08
16763,86032,0.21,14.73,0.15,4860,1.30,2.581e+01,8.6947e-08
16764,86036,0.85,14.83,0.60,1174,4.49,1.373e+00,7.9283e-08
16766,86057,0.32,22.67,1.54,3152,10.18,7.249e-03,5.8054e-11
16773,86087,0.30,21.83,1.46,3310,9.23,1.730e-02,1.2568e-10
16778,86141,2.75,14.96,1.09,364,7.15,1.176e-01,7.0647e-08
16780,86162,0.32,23.32,1.50,3086,10.87,3.835e-03,3.2055e-11
16791,86214,0.32,24.87,1.66,3086,12.43,9.147e-04,7.6450e-12
16810,86287,9.36,15.21,1.53,107,10.07,8.018e-03,5.5905e-08
16831,86400,1.28,15.84,0.96,779,6.38,2.397e-01,3.1411e-08
16882,86707,0.26,22.13,1.51,3833,9.21,1.771e-02,9.5936e-11
16888,86736,0.23,16.86,0.47,4406,3.64,2.994e+00,1.2272e-08
16894,86776,0.56,21.84,1.53,1771,10.60,4.902e-03,1.2442e-10
16897,86796,0.42,16.08,0.69,2381,4.20,1.787e+00,2.5077e-08
16922,86961,0.23,24.76,1.46,4413,11.53,2.081e-03,8.5039e-12
16923,86963,12.60,16.93,1.44,79,12.43,9.082e-04,1.1468e-08
16925,86974,0.40,15.80,0.75,2508,3.80,2.585e+00,3.2705e-08
16928,86990,3.79,19.04,1.66,264,11.93,1.447e-03,1.6544e-09
17095,87937,0.22,26.53,1.57,4545,13.24,4.334e-04,1.6692e-12
17096,87938,0.64,22.08,1.56,1551,11.13,3.023e-03,1.0006e-10
17191,88574,0.43,21.73,1.51,2308,9.91,9.283e-03,1.3868e-10
17194,88601,0.52,16.93,0.86,1929,5.50,5.404e-01,1.1555e-08
17221,88694,0.29,17.44,0.61,3457,4.74,1.085e+00,7.2237e-09
17230,88745,0.62,15.12,0.53,1615,4.08,2.001e+00,6.1037e-08
17270,88972,0.48,17.76,0.88,2098,6.15,2.954e-01,5.3412e-09
17283,89042,0.22,17.55,0.59,4635,4.22,1.749e+00,6.4757e-09
17299,89211,0.22,21.11,1.30,4559,7.82,6.382e-02,2.4435e-10
17346,89517,0.23,21.95,1.40,4303,8.78,2.621e-02,1.1264e-10
17352,89560,0.21,22.56,1.43,4811,9.14,1.880e-02,6.4637e-11
17389,89825,0.35,20.51,1.35,2850,8.23,4.357e-02,4.2679e-10
17412,89937,0.36,16.27,0.49,2815,4.02,2.111e+00,2.1196e-08
17417,89962,1.38,11.15,0.94,727,1.84,1.565e+01,2.3555e-06
17541,90656,0.30,19.32,1.07,3389,6.67,1.830e-01,1.2681e-09
17559,90790,10.95,11.01,0.86,91,6.21,2.816e-01,2.6884e-06
17582,90945,0.60,18.23,1.11,1667,7.12,1.212e-01,3.4713e-09
17594,91009,0.25,20.17,1.26,4065,7.12,1.210e-01,5.8261e-10
17608,91128,0.27,21.77,1.42,3768,8.89,2.374e-02,1.3306e-10
17626,91262,0.23,13.80,-0.00,4411,0.58,5.004e+01,2.0468e-07
17659,91430,2.48,18.78,1.56,403,10.75,4.266e-03,2.0935e-09
17662,91438,0.40,17.26,0.67,2486,5.28,6.589e-01,8.4805e-09
17680,91608,0.24,22.66,1.50,4141,9.58,1.260e-02,5.8464e-11
17693,91699,0.38,23.07,1.58,2605,11.00,3.417e-03,4.0084e-11
17708,91768,0.21,24.54,1.50,4696,11.18,2.889e-03,1.0427e-11
17709,91772,0.35,24.23,1.56,2825,11.97,1.393e-03,1.3888e-11
17759,92043,0.61,13.87,0.48,1648,2.79,6.574e+00,1.9272e-07
17776,92200,0.94,18.18,1.29,1058,8.06,5.104e-02,3.6257e-09
17787,92283,0.26,19.74,1.07,3902,6.78,1.661e-01,8.6794e-10
17794,92311,2.64,15.90,1.28,379,8.01,5.348e-02,2.9584e-08
17802,92403,0.22,26.28,1.51,4522,13.00,5.371e-04,2.0905e-12
17807,92444,0.86,18.80,1.46,1166,8.46,3.524e-02,2.0642e-09
17808,92451,0.77,20.18,1.48,1291,9.63,1.204e-02,5.7437e-10
17822,92573,6.28,15.20,1.45,159,9.20,1.794e-02,5.6353e-08
17868,92871,7.85,15.31,1.54,127,9.78,1.048e-02,5.1328e-08
17898,93017,0.21,17.67,0.59,4668,4.32,1.596e+00,5.8273e-09
17906,93069,0.83,18.75,1.43,1199,8.35,3.901e-02,2.1613e-09
17911,93101,0.21,22.37,1.44,4733,8.99,2.164e-02,7.6874e-11
17926,93206,16.94,14.27,1.45,59,10.42,5.814e-03,1.3271e-07
18024,93825,0.77,13.54,0.52,1300,2.97,5.563e+00,2.6177e-07
18028,93858,1.15,14.67,0.70,869,4.98,8.741e-01,9.2016e-08
18032,93873,0.27,23.92,1.57,3682,11.09,3.132e-03,1.8377e-11
18035,93899,1.03,20.96,1.57,970,11.02,3.336e-03,2.8210e-10
18095,94349,0.29,23.75,1.54,3450,11.06,3.226e-03,2.1569e-11
18097,94368,0.21,23.23,1.45,4836,9.81,1.022e-02,3.4774e-11
18123,94557,10.08,15.14,1.50,99,10.16,7.388e-03,5.9786e-08
18157,94739,0.51,19.84,1.43,1949,8.39,3.762e-02,7.8816e-10
18163,94761,0.32,22.74,1.46,3108,10.28,6.634e-03,5.4658e-11
18214,95071,0.37,24.16,0.07,2674,12.03,1.320e-03,1.4684e-11
18263,95319,0.32,17.89,0.80,3124,5.42,5.812e-01,4.7387e-09
18288,95447,0.20,17.71,0.76,4887,4.27,1.678e+00,5.5909e-09
18300,95501,0.78,12.96,0.32,1279,2.43,9.152e+00,4.4489e-07
18389,95995,0.42,17.38,0.86,2397,5.48,5.470e-01,7.5741e-09
18403,96085,0.49,17.82,0.92,2057,6.25,2.700e-01,5.0773e-09
18406,96100,0.91,16.06,0.79,1094,5.87,3.853e-01,2.5611e-08
18431,96285,0.25,21.57,1.39,4025,8.55,3.260e-02,1.6012e-10
18463,96441,0.24,16.26,0.40,4197,3.14,4.729e+00,2.1367e-08
18613,97292,0.34,21.48,1.52,2981,9.11,1.937e-02,1.7341e-10
18683,97649,0.78,12.74,0.22,1281,2.20,1.123e+01,5.4428e-07
18691,97675,0.23,16.89,0.56,4389,3.68,2.879e+00,1.1894e-08
18728,97944,0.25,18.44,1.02,3953,5.46,5.618e-01,2.8610e-09
18741,98036,0.34,15.35,0.85,2917,3.03,5.272e+00,4.9297e-08
18758,98130,0.99,17.02,1.02,1007,7.00,1.349e-01,1.0580e-08
18772,98204,0.42,19.77,1.32,2356,7.91,5.872e-02,8.4190e-10
18823,98505,0.27,19.12,0.93,3756,6.25,2.710e-01,1.5286e-09
18855,98677,0.43,17.54,0.71,2314,5.72,4.414e-01,6.5617e-09
18856,98679,0.91,18.53,1.12,1097,8.33,3.979e-02,2.6320e-09
18860,98698,0.21,20.23,1.13,4696,6.87,1.525e-01,5.5044e-10
18874,98767,0.35,16.98,0.75,2821,4.72,1.103e+00,1.1022e-08
18877,98792,0.34,18.68,0.81,2963,6.32,2.543e-01,2.3055e-09
18880,98819,0.23,17.79,0.60,4421,4.56,1.278e+00,5.2022e-09
18901,98906,0.80,21.47,1.52,1250,10.98,3.453e-03,1.7584e-10
18905,98921,0.21,18.19,0.65,4763,4.80,1.027e+00,3.6022e-09
18911,98959,0.22,18.14,0.65,4592,4.83,1.002e+00,3.7801e-09
18945,99150,0.25,24.34,1.56,3935,11.37,2.425e-03,1.2463e-11
18962,99240,0.24,17.73,0.75,4187,4.62,1.213e+00,5.5040e-09
18987,99385,0.28,20.72,1.30,3603,7.93,5.729e-02,3.5118e-10
18994,99427,0.39,19.79,1.32,2554,7.75,6.769e-02,8.2579e-10
18995,99438,0.21,24.62,0.07,4726,11.25,2.713e-03,9.6659e-12
18999,99461,0.89,16.67,0.87,1127,6.41,2.332e-01,1.4608e-08
19042,99701,0.23,22.16,1.43,4280,9.01,2.135e-02,9.2733e-11
19044,99711,0.24,19.37,0.94,4127,6.30,2.590e-01,1.2104e-09
19059,99825,0.35,18.29,0.88,2869,6.00,3.399e-01,3.2864e-09
19095,100017,2.69,12.54,0.60,372,4.69,1.141e+00,6.5734e-07
19123,100223,0.98,17.51,1.17,1023,7.46,8.868e-02,6.7385e-09
19171,100490,2.30,17.30,1.46,435,9.11,1.940e-02,8.1684e-09
19224,100923,0.52,21.88,1.50,1913,10.47,5.535e-03,1.2033e-10
19225,100925,0.29,17.83,0.72,3402,5.17,7.318e-01,5.0330e-09
19267,101180,1.43,20.26,1.54,699,11.04,3.295e-03,5.3628e-10
19319,101516,0.45,22.40,-0.10,2211,10.68,4.565e-03,7.4304e-11
19399,101955,0.33,18.92,1.24,2996,6.53,2.080e-01,1.8443e-09
19407,101997,0.36,17.78,0.72,2817,5.53,5.241e-01,5.2564e-09
19430,102141,1.12,19.97,1.55,891,10.22,6.971e-03,6.9957e-10
19438,102186,0.51,19.86,1.32,1949,8.41,3.684e-02,7.7156e-10
19451,102235,0.39,21.35,1.45,2570,9.30,1.626e-02,1.9591e-10
19472,102357,8.42,14.17,1.46,119,8.79,2.600e-02,1.4653e-07
19481,102401,0.29,22.99,1.49,3438,10.31,6.452e-03,4.3429e-11
19483,102409,0.99,18.84,1.47,1008,8.82,2.529e-02,1.9817e-09
19486,102422,6.82,8.46,0.91,147,2.63,7.606e+00,2.8144e-05
19494,102485,1.03,13.23,0.43,968,3.30,4.101e+00,3.4814e-07
19608,103039,0.25,25.71,1.65,3977,12.71,7.033e-04,3.5386e-12
19617,103096,0.28,22.10,1.48,3618,9.31,1.613e-02,9.8107e-11
19663,103388,0.45,22.28,1.56,2233,10.53,5.232e-03,8.3490e-11
19668,103393,0.34,22.95,1.49,2914,10.63,4.775e-03,4.4761e-11
19673,103441,0.27,24.12,1.53,3650,11.30,2.573e-03,1.5370e-11
19722,103655,0.54,20.55,1.52,1837,9.22,1.746e-02,4.1187e-10
19753,103800,34.60,12.83,1.53,29,10.53,5.259e-03,5.0109e-07
19767,103859,0.50,17.75,0.97,1993,6.26,2.691e-01,5.3922e-09
19776,103910,0.21,25.48,1.65,4705,12.12,1.212e-03,4.3574e-12
19805,104059,0.43,21.90,1.44,2349,10.04,8.235e-03,1.1878e-10
19812,104092,0.26,20.31,1.12,3802,7.41,9.267e-02,5.1026e-10
19837,104214,0.22,20.78,1.07,4549,7.49,8.627e-02,3.3169e-10
19838,104217,2.18,16.63,1.31,458,8.33,3.991e-02,1.5155e-08
19842,104239,0.45,17.63,0.90,2228,5.89,3.778e-01,6.0565e-09
19886,104432,0.22,23.77,1.49,4626,10.45,5.661e-03,2.1053e-11
19889,104440,0.22,17.60,0.59,4546,4.31,1.619e+00,6.2339e-09
19927,104644,2.24,19.45,1.59,447,11.20,2.837e-03,1.1299e-09
19959,104858,0.54,14.46,0.53,1836,3.14,4.758e+00,1.1232e-07
19983,105038,0.44,18.63,1.02,2284,6.84,1.576e-01,2.4041e-09
19990,105090,6.26,14.73,1.40,160,8.71,2.809e-02,8.7599e-08
20001,105152,1.66,15.63,0.99,602,6.73,1.736e-01,3.8058e-08
20014,105199,1.40,10.85,0.26,715,1.58,2.004e+01,3.1219e-06
20028,105312,0.27,18.07,0.74,3749,5.20,7.127e-01,4.0362e-09
20035,105336,0.37,21.55,1.45,2694,9.40,1.484e-02,1.6278e-10
20036,105341,0.44,19.79,1.34,2258,8.02,5.306e-02,8.2830e-10
20142,105858,0.27,17.24,0.49,3719,4.39,1.504e+00,8.6490e-09
20162,105932,0.65,20.96,1.50,1532,10.04,8.265e-03,2.8023e-10
20194,106106,0.39,23.22,1.62,2550,11.19,2.869e-03,3.5120e-11
20198,106147,3.82,14.92,1.26,262,7.83,6.328e-02,7.3485e-08
20212,106255,0.22,25.73,1.70,4542,12.44,9.025e-04,3.4810e-12
20241,106440,0.49,21.74,1.52,2043,10.19,7.162e-03,1.3650e-10
20264,106557,0.59,21.93,1.80,1683,10.80,4.080e-03,1.1460e-10
20286,106696,0.23,19.49,0.88,4348,6.30,2.588e-01,1.0892e-09
20309,106811,0.24,22.30,1.50,4102,9.24,1.728e-02,8.1743e-11
20412,107350,0.21,18.01,0.59,4725,4.64,1.195e+00,4.2585e-09
20435,107522,0.45,19.12,1.32,2236,7.37,9.609e-02,1.5294e-09
20440,107556,0.30,15.09,0.18,3319,2.49,8.659e+00,6.2551e-08
20457,107649,0.21,17.98,0.60,4736,4.60,1.237e+00,4.3880e-09
20465,107705,0.22,21.76,1.42,4513,8.49,3.429e-02,1.3398e-10
20467,107711,0.25,23.86,1.57,3945,10.88,3.807e-03,1.9467e-11
20549,108159,0.65,22.01,1.56,1528,11.09,3.128e-03,1.0662e-10
20581,108380,0.55,20.82,1.44,1810,9.53,1.314e-02,3.1927e-10
20587,108405,0.78,19.86,1.51,1289,9.31,1.616e-02,7.7359e-10
20629,108569,1.56,18.40,1.48,640,9.37,1.530e-02,2.9714e-09
20654,108706,0.43,24.08,1.72,2344,12.23,1.099e-03,1.5917e-11
20663,108752,0.26,22.54,1.50,3910,9.57,1.265e-02,6.5856e-11
20672,108782,1.07,18.96,1.45,937,9.10,1.953e-02,1.7692e-09
20691,108870,0.23,20.05,1.06,4286,6.89,1.496e-01,6.4793e-10
20737,109119,30.17,12.66,0.67,33,10.06,8.082e-03,5.8547e-07
20752,109176,0.21,16.78,0.43,4709,3.42,3.669e+00,1.3168e-08
20800,109388,0.22,23.96,1.53,4500,10.69,4.513e-03,1.7733e-11
20810,109422,0.30,16.16,0.49,3293,3.58,3.174e+00,2.3297e-08
20838,109555,1.64,18.89,1.47,611,9.96,8.887e-03,1.8974e-09
20860,109638,0.24,24.42,1.55,4250,11.28,2.641e-03,1.1636e-11
20897,109812,3.08,16.41,1.43,325,8.85,2.468e-02,1.8592e-08
20947,110109,0.26,17.62,0.61,3857,4.69,1.137e+00,6.0838e-09
20998,110400,0.33,23.52,1.65,3075,11.09,3.145e-03,2.6475e-11
21007,110443,0.35,20.63,1.33,2858,8.35,3.915e-02,3.8145e-10
21017,110526,1.04,19.58,1.57,960,9.67,1.161e-02,1.0012e-09
21019,110534,0.31,21.91,1.47,3203,9.38,1.511e-02,1.1719e-10
21059,110719,0.29,20.92,1.12,3419,8.25,4.288e-02,2.9190e-10
21097,110893,0.25,24.59,1.61,4014,11.58,2.003e-03,9.8946e-12
21118,110996,0.95,16.82,1.08,1056,6.71,1.777e-01,1.2684e-08
21172,111313,0.21,23.17,1.50,4664,9.82,1.007e-02,3.6844e-11
21182,111391,0.21,23.66,1.49,4748,10.28,6.606e-03,2.3321e-11
21214,111571,0.22,22.05,1.41,4553,8.76,2.677e-02,1.0277e-10
21231,111685,1.28,17.49,1.37,782,8.03,5.253e-02,6.8387e-09
21249,111766,0.21,24.03,1.59,4756,10.64,4.722e-03,1.6613e-11
21254,111802,0.26,22.30,1.47,3849,9.38,1.518e-02,8.1521e-11
21294,111960,1.18,16.81,1.14,845,7.17,1.157e-01,1.2893e-08
21392,112447,0.32,15.64,0.50,3153,3.15,4.717e+00,3.7758e-08
21397,112460,0.33,24.21,1.54,3074,11.77,1.669e-03,1.4053e-11
21415,112527,0.28,18.82,0.87,3609,6.03,3.307e-01,2.0201e-09
21468,112774,0.27,21.95,1.45,3665,9.13,1.907e-02,1.1292e-10
21469,112800,0.21,23.68,1.52,4676,10.33,6.286e-03,2.2884e-11
21489,112909,0.35,23.17,1.50,2852,10.89,3.751e-03,3.6692e-11
21510,112978,0.43,22.20,1.53,2321,10.38,6.050e-03,8.9399e-11
21517,113020,0.75,22.44,1.60,1342,11.80,1.631e-03,7.2104e-11
21565,113229,0.20,24.24,1.49,4999,10.74,4.315e-03,1.3740e-11
21579,113283,1.22,16.63,1.09,817,7.07,1.276e-01,1.5215e-08
21583,113296,0.23,22.71,1.51,4410,9.49,1.367e-02,5.5926e-11
21593,113357,0.44,16.28,0.67,2253,4.52,1.333e+00,2.0891e-08
21594,113368,0.48,13.32,0.14,2066,1.74,1.720e+01,3.2083e-07
21603,113421,0.24,17.76,0.74,4104,4.70,1.132e+00,5.3469e-09
21636,113576,0.21,21.71,1.38,4748,8.33,3.996e-02,1.4106e-10
21668,113718,0.26,19.26,0.94,3850,6.34,2.499e-01,1.3414e-09
21736,114046,0.40,21.76,1.48,2504,9.76,1.063e-02,1.3493e-10
21780,114233,0.72,20.64,1.49,1391,9.93,9.155e-03,3.7668e-10
21783,114242,0.29,21.39,1.12,3435,8.71,2.811e-02,1.8957e-10
21813,114361,0.32,19.86,1.20,3107,7.40,9.380e-02,7.7343e-10
21826,114411,0.24,23.41,1.57,4202,10.29,6.536e-03,2.9463e-11
21875,114622,12.42,11.03,1.00,80,6.50,2.154e-01,2.6463e-06
21896,114719,1.19,18.64,1.45,841,9.02,2.115e-02,2.3811e-09
21986,115123,0.47,19.13,1.15,2110,7.51,8.482e-02,1.5154e-09
21990,115147,0.94,16.19,0.89,1064,6.05,3.242e-01,2.2798e-08
22022,115332,1.35,20.90,1.52,741,11.55,2.044e-03,2.9605e-10
22047,115445,1.97,14.89,0.88,509,6.35,2.458e-01,7.5604e-08
22065,115562,0.49,20.98,1.47,2028,9.44,1.431e-02,2.7708e-10
22146,116003,0.22,23.57,1.50,4642,10.24,6.863e-03,2.5340e-11
22166,116085,0.43,17.48,0.84,2347,5.63,4.806e-01,6.9416e-09
22176,116132,0.24,24.16,1.19,4145,11.07,3.187e-03,1.4763e-11
22187,116215,0.32,20.35,1.29,3135,7.87,6.095e-02,4.9358e-10
22209,116317,0.34,22.76,1.45,2916,10.43,5.737e-03,5.3697e-11
22226,116384,0.24,21.28,1.33,4213,8.16,4.649e-02,2.0846e-10
22286,116645,0.28,23.36,1.55,3535,10.62,4.840e-03,3.0811e-11
22295,116727,0.31,15.04,1.03,3207,2.51,8.459e+00,6.5456e-08
22300,116745,0.32,19.28,0.99,3124,6.81,1.621e-01,1.3220e-09
22304,116763,0.22,19.15,0.80,4640,5.82,4.008e-01,1.4819e-09
22306,116771,0.55,14.73,0.51,1814,3.43,3.624e+00,8.7600e-08
22364,117042,0.39,19.81,0.41,2560,7.77,6.686e-02,8.1202e-10
22368,117059,11.88,16.63,1.55,84,12.00,1.349e-03,1.5157e-08
22374,117081,0.23,21.06,0.54,4389,7.84,6.229e-02,2.5731e-10
22392,117197,2.77,16.21,1.34,361,8.42,3.670e-02,2.2417e-08
22426,117383,22.87,14.17,1.63,44,10.97,3.496e-03,1.4556e-07
22449,117473,0.20,23.56,1.46,4922,10.10,7.797e-03,2.5610e-11
22504,117712,4.72,12.82,0.98,212,6.19,2.845e-01,5.0494e-07
22536,117828,0.25,22.93,1.47,3937,9.96,8.907e-03,4.5740e-11
22572,117966,12.64,14.45,1.47,79,9.96,8.904e-03,1.1328e-07
22627,118200,0.24,23.69,1.50,4113,10.62,4.830e-03,2.2718e-11
22631,118212,5.58,14.64,1.35,179,8.37,3.827e-02,9.4759e-08
