,Cluster,Vmag,Brightness,B-V
0,m53,12.56,6.438580589481065e-07,0.85
40,m53,14.35,1.2381981077552535e-07,1.16
80,m53,14.95,7.12508641537669e-08,0.94
120,m53,15.38,4.7950168315570135e-08,0.83
160,m53,15.65,3.7392985057139944e-08,0.9
200,m53,15.83,3.168036203695864e-08,0.87
240,m53,15.98,2.7592441850817853e-08,0.84
280,m53,16.09,2.493389555720478e-08,0.8
320,m53,16.24,2.1716515186093065e-08,0.32
360,m53,16.39,1.89142940278153e-08,0.8
400,m53,16.5,1.709189184406418e-08,0.55
440,m53,16.59,1.573222452832041e-08,0.24
480,m53,16.7,1.4216416415497834e-08,0.51
520,m53,16.77,1.3328771905808164e-08,0.71
560,m53,16.82,1.2728878350817586e-08,0.75
600,m53,16.87,1.2155984453399548e-08,0.72
640,m53,16.9,1.1824700129320392e-08,0.7
680,m53,16.95,1.1292500955427677e-08,0.8
721,m53,16.98,1.0984748953890989e-08,0.75
762,m53,17.0,1.0784254690073403e-08,0.05
802,m53,17.03,1.0490353810272607e-08,0.34
842,m53,17.06,1.0204462545380816e-08,0.04
885,m53,17.09,9.926362611155201e-09,0.08
928,m53,17.12,9.655841672204678e-09,0.02
983,m53,17.18,9.136716214504506e-09,0.01
1053,m53,17.25,8.566237990783066e-09,0.71
1120,m53,17.36,7.74087645215111e-09,0.67
1186,m53,17.44,7.1910140282646945e-09,0.71
1233,m53,17.52,6.680210319120903e-09,0.68
1285,m53,17.59,6.263111393481961e-09,0.67
1330,m53,17.64,5.981224946201651e-09,0.62
1378,m53,17.72,5.556356926790978e-09,0.69
1420,m53,17.8,5.161668817940675e-09,0.72
1460,m53,17.86,4.884162850198522e-09,0.49
1501,m53,17.93,4.579205523984949e-09,0.52
1541,m53,18.0,4.29328912119341e-09,0.68
1582,m53,18.04,4.137996661815259e-09,0.71
1622,m53,18.09,3.9517561330150195e-09,0.56
1662,m53,18.15,3.739298505714002e-09,0.68
1702,m53,18.21,3.538263203546162e-09,0.63
1743,m53,18.27,3.348036129888564e-09,0.65
1783,m53,18.31,3.2269343941282716e-09,0.64
1823,m53,18.35,3.1102130263912544e-09,0.67
1863,m53,18.41,2.9429991453353726e-09,0.6
1903,m53,18.44,2.8627942482029616e-09,0.62
1943,m53,18.49,2.7339472823386476e-09,0.63
1983,m53,18.53,2.6350577397758606e-09,0.61
2023,m53,18.58,2.516460605224357e-09,0.63
2063,m53,18.62,2.425437768121573e-09,0.52
2103,m53,18.65,2.3593378553840607e-09,0.63
2143,m53,18.69,2.2739983015538874e-09,0.64
2183,m53,18.72,2.2120255347100843e-09,0.61
2223,m53,18.76,2.132014411350903e-09,0.15
2263,m53,18.79,2.073911099694078e-09,0.15
2303,m53,18.83,1.998895710301058e-09,0.65
2343,m53,18.87,1.9265937007856078e-09,0.47
2383,m53,18.9,1.874088673785395e-09,0.5
2423,m53,18.93,1.8230145545365952e-09,0.62
2463,m53,18.96,1.7733323468304718e-09,0.6
2503,m53,18.99,1.7250041172132334e-09,0.5
2543,m53,19.01,1.6935192437750926e-09,0.62
2583,m53,19.04,1.6473661427950917e-09,0.6
2623,m53,19.06,1.617298322089847e-09,0.62
2663,m53,19.09,1.573222452832041e-09,0.44
2703,m53,19.12,1.5303477733759536e-09,0.49
2743,m53,19.14,1.5024157786170558e-09,0.61
2783,m53,19.17,1.461470777608447e-09,0.59
2823,m53,19.18,1.4480719329817244e-09,0.82
2863,m53,19.2,1.4216416415497834e-09,0.33
2903,m53,19.23,1.3828979600232778e-09,0.65
2943,m53,19.25,1.3576572276593855e-09,0.47
2983,m53,19.27,1.3328771905808164e-09,0.58
3023,m53,19.29,1.3085494401509722e-09,0.39
3063,m53,19.31,1.284665721208169e-09,0.47
3103,m53,19.34,1.2496550137866777e-09,0.62
3143,m53,19.36,1.2268462392696836e-09,0.52
3183,m53,19.38,1.2044537718048156e-09,0.39
3224,m53,19.4,1.1824700129320393e-09,0.6
3264,m53,19.41,1.1716290626908274e-09,0.29
3304,m53,19.43,1.150244422279152e-09,0.47
3344,m53,19.45,1.1292500955427677e-09,0.52
3384,m53,19.47,1.108638958454233e-09,0.55
3424,m53,19.48,1.0984748953890988e-09,0.39
3464,m53,19.5,1.0784254690073403e-09,0.32
3504,m53,19.51,1.068538404878437e-09,0.56
3544,m53,19.52,1.0587419858983205e-09,0.31
3584,m53,19.54,1.0394177668445693e-09,0.55
3624,m53,19.55,1.0298883274787008e-09,0.34
3664,m53,19.56,1.0204462545380818e-09,0.25
3704,m53,19.57,1.0110907470425066e-09,0.52
3744,m53,19.58,1.001821011355209e-09,0.76
3784,m53,19.6,9.83535717172175e-10,0.44
3824,m53,19.61,9.745186075172102e-10,0.52
3864,m53,19.62,9.655841672204679e-10,0.57
3904,m53,19.63,9.567316383647205e-10,0.48
3944,m53,19.64,9.47960269981359e-10,0.52
3984,m53,19.65,9.39269317986706e-10,0.54
4024,m53,19.66,9.306580451188682e-10,0.2
4064,m53,19.67,9.221257208752283e-10,0.52
4104,m53,19.68,9.136716214504505e-10,0.51
4144,m53,19.69,9.052950296750757e-10,0.49
4184,m53,19.7,8.969952349547137e-10,0.36
4224,m53,19.71,8.887715332097231e-10,0.47
4264,m53,19.72,8.806232268155178e-10,0.43
4304,m53,19.73,8.725496245433634e-10,0.47
4344,m53,19.74,8.645500415017558e-10,0.4
4384,m53,19.75,8.566237990783067e-10,0.47
4424,m53,19.76,8.487702248821891e-10,0.44
4464,m53,19.76,8.487702248821891e-10,0.47
4504,m53,19.77,8.409886526870919e-10,0.47
4544,m53,19.78,8.332784223746987e-10,0.45
4585,m53,19.79,8.256388798787006e-10,0.47
4625,m53,19.8,8.180693771292983e-10,0.89
4665,m53,19.81,8.105692719982399e-10,0.38
4705,m53,19.82,8.031379282443283e-10,0.45
4745,m53,19.83,7.957747154594783e-10,0.37
4785,m53,19.84,7.884790090152028e-10,0.44
4825,m53,19.84,7.884790090152028e-10,0.49
4865,m53,19.85,7.81250190009653e-10,0.49
4905,m53,19.86,7.74087645215111e-10,0.45
4945,m53,19.87,7.669907670259504e-10,0.37
4985,m53,19.88,7.599589534071187e-10,0.41
5025,m53,19.89,7.529916078430468e-10,0.46
5065,m53,19.89,7.529916078430468e-10,0.36
5105,m53,19.9,7.46088139287059e-10,0.47
5145,m53,19.91,7.392479621112219e-10,0.48
5185,m53,19.91,7.392479621112219e-10,0.49
5225,m53,19.92,7.324704960566763e-10,0.41
5265,m53,19.93,7.257551661844075e-10,0.44
5305,m53,19.94,7.191014028264695e-10,0.47
5345,m53,19.95,7.12508641537669e-10,0.5
5385,m53,19.95,7.12508641537669e-10,0.41
5425,m53,19.96,7.059763230476716e-10,0.39
5465,m53,19.97,6.995038932135713e-10,0.43
5505,m53,19.98,6.930908029728635e-10,0.46
5545,m53,19.99,6.867365082968945e-10,0.44
5585,m53,20.0,6.804404701446795e-10,0.42
5625,m53,20.0,6.804404701446795e-10,0.38
5665,m53,20.01,6.742021544171999e-10,0.41
5705,m53,20.01,6.742021544171999e-10,0.4
5745,m53,20.02,6.680210319120902e-10,0.4
5785,m53,20.03,6.618965782787292e-10,0.43
5825,m53,20.04,6.558282739737819e-10,0.43
5865,m53,20.04,6.558282739737819e-10,0.39
5905,m53,20.05,6.498156042171085e-10,0.48
5945,m53,20.06,6.438580589481071e-10,0.42
5985,m53,20.06,6.438580589481071e-10,0.41
6025,m53,20.07,6.379551327824345e-10,0.4
6065,m53,20.08,6.321063249691441e-10,0.41
6105,m53,20.09,6.26311139348196e-10,0.38
6145,m53,20.09,6.26311139348196e-10,0.42
6185,m53,20.1,6.205690843083777e-10,0.39
6225,m53,20.11,6.148796727455944e-10,0.39
6265,m53,20.12,6.092424220215451e-10,0.4
6305,m53,20.12,6.092424220215451e-10,0.41
6345,m53,20.13,6.036568539227896e-10,0.38
6385,m53,20.13,6.036568539227896e-10,0.43
6425,m53,20.14,5.981224946201651e-10,0.42
6465,m53,20.15,5.926388746286139e-10,0.65
6505,m53,20.15,5.926388746286139e-10,0.41
6545,m53,20.16,5.8720552876733e-10,0.43
6585,m53,20.17,5.818219961203178e-10,0.37
6625,m53,20.17,5.818219961203178e-10,0.38
6665,m53,20.18,5.764878199972884e-10,0.41
6705,m53,20.19,5.712025478949044e-10,0.42
6745,m53,20.2,5.65965731458413e-10,0.41
6785,m53,20.2,5.65965731458413e-10,0.4
6825,m53,20.21,5.607769264435966e-10,0.37
6865,m53,20.22,5.556356926790978e-10,0.41
6905,m53,20.22,5.556356926790978e-10,0.43
6945,m53,20.23,5.5054159402907e-10,0.41
6985,m53,20.24,5.454941983561885e-10,0.38
7025,m53,20.24,5.454941983561885e-10,0.41
7065,m53,20.25,5.404930774849828e-10,0.44
7105,m53,20.25,5.404930774849828e-10,0.37
7145,m53,20.26,5.355378071655223e-10,0.42
7185,m53,20.27,5.306279670374229e-10,0.42
7225,m53,20.27,5.306279670374229e-10,0.37
7265,m53,20.28,5.257631405941845e-10,0.45
7305,m53,20.28,5.257631405941845e-10,0.44
7345,m53,20.29,5.20942915147867e-10,0.42
7385,m53,20.3,5.161668817940675e-10,0.37
7425,m53,20.3,5.161668817940675e-10,0.47
7465,m53,20.31,5.114346353772527e-10,0.43
7505,m53,20.31,5.114346353772527e-10,0.34
7545,m53,20.32,5.067457744563663e-10,0.38
7585,m53,20.33,5.020999012707936e-10,0.44
7625,m53,20.33,5.020999012707936e-10,0.42
7665,m53,20.34,4.974966217066065e-10,0.34
7705,m53,20.34,4.974966217066065e-10,0.37
7745,m53,20.35,4.929355452631379e-10,0.42
7785,m53,20.35,4.929355452631379e-10,0.36
7825,m53,20.36,4.884162850198523e-10,0.5
7865,m53,20.37,4.8393845760352e-10,0.41
7905,m53,20.37,4.8393845760352e-10,0.44
7945,m53,20.38,4.795016831557023e-10,0.58
7985,m53,20.39,4.751055853005197e-10,0.36
8025,m53,20.39,4.751055853005197e-10,0.38
8066,m53,20.4,4.707497911127311e-10,0.41
8106,m53,20.41,4.664339310860909e-10,0.42
8146,m53,20.41,4.664339310860909e-10,0.43
8186,m53,20.42,4.621576391020101e-10,0.42
8226,m53,20.42,4.621576391020101e-10,0.41
8266,m53,20.43,4.5792055239849495e-10,0.38
8306,m53,20.44,4.5372231153937067e-10,0.38
8346,m53,20.44,4.5372231153937067e-10,0.41
8386,m53,20.45,4.495625603837983e-10,0.41
8426,m53,20.45,4.495625603837983e-10,0.41
8466,m53,20.46,4.454409460560498e-10,0.39
8506,m53,20.46,4.454409460560498e-10,0.49
8547,m53,20.47,4.413571189155915e-10,0.45
8587,m53,20.48,4.3731073252740353e-10,0.43
8627,m53,20.48,4.3731073252740353e-10,0.39
8667,m53,20.49,4.333014436326086e-10,0.43
8707,m53,20.49,4.333014436326086e-10,0.38
8747,m53,20.5,4.2932891211934107e-10,0.44
8787,m53,20.5,4.2932891211934107e-10,0.48
8827,m53,20.5,4.2932891211934107e-10,0.45
8867,m53,20.51,4.253928009939023e-10,0.75
8907,m53,20.51,4.253928009939023e-10,0.42
8947,m53,20.52,4.214927763521707e-10,0.39
8987,m53,20.52,4.214927763521707e-10,0.38
9027,m53,20.53,4.176285073512732e-10,0.39
9067,m53,20.54,4.1379966618152583e-10,0.5
9107,m53,20.54,4.1379966618152583e-10,0.41
9148,m53,20.55,4.100059280386189e-10,0.4
9188,m53,20.55,4.100059280386189e-10,0.34
9228,m53,20.56,4.0624697109606923e-10,0.33
9268,m53,20.56,4.0624697109606923e-10,0.35
9308,m53,20.57,4.025224764779138e-10,0.38
9348,m53,20.57,4.025224764779138e-10,0.45
9388,m53,20.58,3.988321282316659e-10,0.36
9428,m53,20.59,3.9517561330150195e-10,0.4
9468,m53,20.59,3.9517561330150195e-10,0.4
9509,m53,20.6,3.91552621501719e-10,0.39
9549,m53,20.6,3.91552621501719e-10,0.46
9589,m53,20.61,3.879628454904111e-10,0.4
9629,m53,20.61,3.879628454904111e-10,0.46
9669,m53,20.62,3.844059807433951e-10,0.38
9709,m53,20.62,3.844059807433951e-10,0.42
9749,m53,20.62,3.844059807433951e-10,0.42
9789,m53,20.63,3.8088172552839115e-10,0.38
9829,m53,20.64,3.7738978087940867e-10,0.38
9869,m53,20.64,3.7738978087940867e-10,0.44
9909,m53,20.65,3.7392985057140026e-10,0.36
9949,m53,20.65,3.7392985057140026e-10,0.36
9990,m53,20.66,3.7050164109512207e-10,0.42
10030,m53,20.66,3.7050164109512207e-10,0.49
10070,m53,20.67,3.671048616322416e-10,0.38
10110,m53,20.67,3.671048616322416e-10,0.44
10151,m53,20.68,3.637392240306646e-10,0.45
10191,m53,20.68,3.637392240306646e-10,0.4
10231,m53,20.69,3.6040444278008915e-10,0.39
10271,m53,20.69,3.6040444278008915e-10,0.47
10311,m53,20.7,3.5710023498779025e-10,0.42
10351,m53,20.7,3.5710023498779025e-10,0.4
10391,m53,20.71,3.5382632035461616e-10,0.4
10431,m53,20.71,3.5382632035461616e-10,0.46
10471,m53,20.72,3.5058242115121613e-10,0.46
10511,m53,20.72,3.5058242115121613e-10,0.42
10551,m53,20.73,3.473682621944745e-10,0.42
10591,m53,20.73,3.473682621944745e-10,0.38
10631,m53,20.74,3.44183570824173e-10,0.4
10671,m53,20.74,3.44183570824173e-10,0.44
10711,m53,20.75,3.410280768798519e-10,0.42
10751,m53,20.75,3.410280768798519e-10,0.39
10791,m53,20.76,3.379015126779036e-10,0.42
10831,m53,20.76,3.379015126779036e-10,0.4
10871,m53,20.77,3.348036129888564e-10,0.4
10911,m53,20.77,3.348036129888564e-10,0.39
10951,m53,20.78,3.3173411501487305e-10,0.58
10991,m53,20.78,3.3173411501487305e-10,0.42
11031,m53,20.78,3.3173411501487305e-10,0.5
11071,m53,20.79,3.286927583674687e-10,0.38
11111,m53,20.79,3.286927583674687e-10,0.41
11151,m53,20.8,3.256792850454072e-10,0.37
11191,m53,20.8,3.256792850454072e-10,0.42
11231,m53,20.81,3.2269343941282716e-10,0.5
11271,m53,20.81,3.2269343941282716e-10,0.47
11311,m53,20.82,3.1973496817754766e-10,0.43
11351,m53,20.82,3.1973496817754766e-10,0.44
11391,m53,20.83,3.16803620369587e-10,0.42
11431,m53,20.83,3.16803620369587e-10,0.42
11471,m53,20.84,3.1389914731986824e-10,0.49
11511,m53,20.84,3.1389914731986824e-10,0.4
11551,m53,20.85,3.110213026391248e-10,0.43
11591,m53,20.85,3.110213026391248e-10,0.37
11631,m53,20.86,3.0816984219700643e-10,0.46
11671,m53,20.86,3.0816984219700643e-10,0.45
11711,m53,20.87,3.0534452410135806e-10,0.4
11751,m53,20.87,3.0534452410135806e-10,0.34
11791,m53,20.88,3.0254510867770546e-10,0.37
11831,m53,20.88,3.0254510867770546e-10,0.43
11871,m53,20.89,2.997713584489231e-10,0.53
11911,m53,20.89,2.997713584489231e-10,0.39
11951,m53,20.9,2.9702303811509436e-10,0.56
11991,m53,20.9,2.9702303811509436e-10,0.42
12031,m53,20.9,2.9702303811509436e-10,0.53
12071,m53,20.91,2.942999145335379e-10,0.42
12111,m53,20.91,2.942999145335379e-10,0.35
12151,m53,20.92,2.9160175669903913e-10,0.46
12191,m53,20.92,2.9160175669903913e-10,0.5
12231,m53,20.93,2.889283357242574e-10,0.43
12271,m53,20.93,2.889283357242574e-10,0.41
12311,m53,20.94,2.8627942482029676e-10,0.51
12351,m53,20.94,2.8627942482029676e-10,0.47
12391,m53,20.95,2.836547992774784e-10,0.42
12431,m53,20.95,2.836547992774784e-10,0.42
12471,m53,20.96,2.8105423644627006e-10,0.41
12511,m53,20.96,2.8105423644627006e-10,0.49
12551,m53,20.97,2.7847751571840977e-10,0.55
12591,m53,20.97,2.7847751571840977e-10,0.46
12631,m53,20.98,2.7592441850817905e-10,0.42
12671,m53,20.98,2.7592441850817905e-10,0.37
12711,m53,20.98,2.7592441850817905e-10,0.46
12751,m53,20.99,2.7339472823386527e-10,0.48
12791,m53,20.99,2.7339472823386527e-10,0.42
12831,m53,21.0,2.70888230299389e-10,0.48
12871,m53,21.0,2.70888230299389e-10,0.43
12911,m53,21.01,2.6840471207610434e-10,0.49
12951,m53,21.01,2.6840471207610434e-10,0.39
12991,m53,21.02,2.6594396288475e-10,0.4
13031,m53,21.02,2.6594396288475e-10,0.46
13071,m53,21.02,2.6594396288475e-10,0.41
13111,m53,21.03,2.6350577397758553e-10,0.41
13151,m53,21.03,2.6350577397758553e-10,0.46
13191,m53,21.04,2.610899385206859e-10,0.51
13231,m53,21.04,2.610899385206859e-10,0.5
13271,m53,21.05,2.586962515763846e-10,0.45
13311,m53,21.05,2.586962515763846e-10,0.44
13351,m53,21.06,2.563245100858981e-10,0.44
13391,m53,21.06,2.563245100858981e-10,0.48
13431,m53,21.07,2.5397451285209547e-10,0.34
13471,m53,21.07,2.5397451285209547e-10,0.58
13511,m53,21.08,2.5164606052243516e-10,0.46
13551,m53,21.08,2.5164606052243516e-10,0.37
13591,m53,21.08,2.5164606052243516e-10,0.47
13631,m53,21.09,2.493389555720478e-10,0.51
13671,m53,21.09,2.493389555720478e-10,0.43
13711,m53,21.1,2.470530022869827e-10,0.43
13751,m53,21.1,2.470530022869827e-10,0.55
13791,m53,21.11,2.4478800674760867e-10,0.48
13831,m53,21.11,2.4478800674760867e-10,0.5
13871,m53,21.12,2.425437768121573e-10,0.47
13911,m53,21.12,2.425437768121573e-10,0.44
13951,m53,21.13,2.403201221004279e-10,0.43
13991,m53,21.13,2.403201221004279e-10,0.42
14031,m53,21.14,2.3811685397763315e-10,0.44
14071,m53,21.14,2.3811685397763315e-10,0.41
14111,m53,21.15,2.359337855384056e-10,0.52
14151,m53,21.15,2.359337855384056e-10,0.48
14191,m53,21.15,2.359337855384056e-10,0.51
14231,m53,21.16,2.3377073159093225e-10,0.44
14271,m53,21.16,2.3377073159093225e-10,0.58
14311,m53,21.17,2.3162750864124736e-10,0.48
14351,m53,21.17,2.3162750864124736e-10,0.51
14391,m53,21.18,2.2950393487767367e-10,0.43
14431,m53,21.18,2.2950393487767367e-10,0.48
14471,m53,21.19,2.2739983015538916e-10,0.52
14511,m53,21.19,2.2739983015538916e-10,0.45
14551,m53,21.2,2.253150159811495e-10,0.6
14591,m53,21.2,2.253150159811495e-10,0.34
14631,m53,21.21,2.2324931549814624e-10,0.5
14671,m53,21.21,2.2324931549814624e-10,0.33
14711,m53,21.21,2.2324931549814624e-10,0.51
14751,m53,21.22,2.21202553471008e-10,0.48
14791,m53,21.23,2.1917455627092548e-10,0.48
14831,m53,21.23,2.1917455627092548e-10,0.35
14871,m53,21.23,2.1917455627092548e-10,0.44
14911,m53,21.24,2.171651518609311e-10,0.54
14951,m53,21.24,2.171651518609311e-10,0.37
14991,m53,21.25,2.1517416978129847e-10,0.33
15031,m53,21.25,2.1517416978129847e-10,0.43
15071,m53,21.25,2.1517416978129847e-10,0.56
15111,m53,21.26,2.1320144113509074e-10,0.44
15151,m53,21.26,2.1320144113509074e-10,0.63
15191,m53,21.27,2.112467985738235e-10,0.5
15231,m53,21.27,2.112467985738235e-10,0.52
15271,m53,21.28,2.0931007628327122e-10,0.54
15311,m53,21.28,2.0931007628327122e-10,0.47
15351,m53,21.28,2.0931007628327122e-10,0.49
15391,m53,21.29,2.0739110996940737e-10,0.41
15431,m53,21.29,2.0739110996940737e-10,0.42
15471,m53,21.3,2.0548973684445836e-10,0.52
15511,m53,21.3,2.0548973684445836e-10,0.42
15551,m53,21.31,2.0360579561309786e-10,0.55
15591,m53,21.31,2.0360579561309786e-10,0.55
15631,m53,21.32,2.0173912645876408e-10,0.78
15671,m53,21.32,2.0173912645876408e-10,0.47
15711,m53,21.33,1.9988957103010582e-10,0.39
15751,m53,21.33,1.9988957103010582e-10,0.56
15791,m53,21.33,1.9988957103010582e-10,0.44
15831,m53,21.34,1.9805697242754094e-10,0.6
15871,m53,21.34,1.9805697242754094e-10,0.56
15911,m53,21.35,1.9624117518995264e-10,0.4
15951,m53,21.35,1.9624117518995264e-10,0.44
15991,m53,21.36,1.9444202528150368e-10,0.46
16031,m53,21.36,1.9444202528150368e-10,0.47
16071,m53,21.36,1.9444202528150368e-10,0.41
16111,m53,21.37,1.926593700785612e-10,0.49
16151,m53,21.37,1.926593700785612e-10,0.48
16191,m53,21.38,1.908930583567564e-10,0.46
16231,m53,21.38,1.908930583567564e-10,0.43
16271,m53,21.38,1.908930583567564e-10,0.55
16311,m53,21.39,1.8914294027815297e-10,0.5
16351,m53,21.39,1.8914294027815297e-10,0.48
16391,m53,21.4,1.8740886737853907e-10,0.53
16431,m53,21.4,1.8740886737853907e-10,0.64
16471,m53,21.41,1.8569069255482883e-10,0.49
16511,m53,21.41,1.8569069255482883e-10,0.62
16551,m53,21.42,1.8398827005258542e-10,0.42
16591,m53,21.42,1.8398827005258542e-10,0.45
16631,m53,21.43,1.8230145545365914e-10,0.55
16671,m53,21.43,1.8230145545365914e-10,0.4
16711,m53,21.44,1.806301056639315e-10,0.53
16751,m53,21.44,1.806301056639315e-10,0.45
16791,m53,21.45,1.789740789011799e-10,0.45
16831,m53,21.45,1.789740789011799e-10,0.81
16871,m53,21.45,1.789740789011799e-10,0.53
16911,m53,21.46,1.7733323468304684e-10,0.36
16951,m53,21.47,1.7570743381512902e-10,0.41
16991,m53,21.47,1.7570743381512902e-10,0.68
17031,m53,21.47,1.7570743381512902e-10,0.48
17071,m53,21.48,1.740965383791621e-10,0.57
17111,m53,21.48,1.740965383791621e-10,0.51
17151,m53,21.49,1.7250041172132368e-10,0.41
17191,m53,21.49,1.7250041172132368e-10,0.55
17231,m53,21.5,1.7091891844064144e-10,0.47
17271,m53,21.5,1.7091891844064144e-10,0.43
17311,m53,21.5,1.7091891844064144e-10,0.52
17351,m53,21.51,1.693519243775096e-10,0.51
17391,m53,21.51,1.693519243775096e-10,0.37
17431,m53,21.52,1.6779929660230087e-10,0.47
17471,m53,21.52,1.6779929660230087e-10,0.39
17511,m53,21.52,1.6779929660230087e-10,0.56
17551,m53,21.53,1.6626090340409532e-10,0.49
17591,m53,21.53,1.6626090340409532e-10,0.54
17631,m53,21.54,1.6473661427950882e-10,0.41
17671,m53,21.54,1.6473661427950882e-10,0.6
17711,m53,21.54,1.6473661427950882e-10,0.59
17751,m53,21.55,1.6322629992161556e-10,0.45
17791,m53,21.55,1.6322629992161556e-10,0.51
17831,m53,21.56,1.6172983220898504e-10,0.48
17871,m53,21.56,1.6172983220898504e-10,0.59
17911,m53,21.57,1.6024708419480878e-10,0.65
17951,m53,21.57,1.6024708419480878e-10,0.44
17991,m53,21.57,1.6024708419480878e-10,0.43
18031,m53,21.58,1.5877793009613762e-10,0.6
18071,m53,21.58,1.5877793009613762e-10,0.45
18111,m53,21.59,1.5732224528320441e-10,0.45
18151,m53,21.59,1.5732224528320441e-10,0.63
18191,m53,21.6,1.5587990626885365e-10,0.66
18231,m53,21.6,1.5587990626885365e-10,0.47
18271,m53,21.61,1.5445079069807074e-10,0.47
18311,m53,21.61,1.5445079069807074e-10,0.44
18351,m53,21.61,1.5445079069807074e-10,0.55
18391,m53,21.62,1.530347773375957e-10,0.66
18431,m53,21.62,1.530347773375957e-10,0.43
18471,m53,21.63,1.5163174606564173e-10,0.42
18511,m53,21.63,1.5163174606564173e-10,0.47
18551,m53,21.64,1.5024157786170526e-10,0.41
18591,m53,21.65,1.4886415479647205e-10,0.52
18631,m53,21.65,1.4886415479647205e-10,0.6
18672,m53,21.66,1.4749936002180657e-10,0.69
18712,m53,21.66,1.4749936002180657e-10,0.48
18752,m53,21.66,1.4749936002180657e-10,0.48
18792,m53,21.67,1.461470777608444e-10,0.6
18832,m53,21.67,1.461470777608444e-10,0.49
18872,m53,21.68,1.4480719329817242e-10,0.46
18912,m53,21.68,1.4480719329817242e-10,0.46
18952,m53,21.69,1.4347959297009126e-10,0.61
18993,m53,21.69,1.4347959297009126e-10,0.71
19033,m53,21.69,1.4347959297009126e-10,0.32
19073,m53,21.7,1.4216416415497834e-10,0.4
19113,m53,21.7,1.4216416415497834e-10,0.45
19153,m53,21.71,1.4086079526373143e-10,0.41
19193,m53,21.71,1.4086079526373143e-10,0.6
19233,m53,21.72,1.395693757303051e-10,0.52
19273,m53,21.72,1.395693757303051e-10,0.51
19313,m53,21.73,1.3828979600232777e-10,0.57
19353,m53,21.73,1.3828979600232777e-10,0.47
19393,m53,21.73,1.3828979600232777e-10,0.46
19433,m53,21.74,1.370219475318109e-10,0.45
19473,m53,21.74,1.370219475318109e-10,0.93
19513,m53,21.75,1.3576572276593827e-10,0.46
19553,m53,21.75,1.3576572276593827e-10,0.41
19593,m53,21.76,1.3452101513794706e-10,0.46
19633,m53,21.76,1.3452101513794706e-10,0.66
19673,m53,21.76,1.3452101513794706e-10,0.49
19713,m53,21.77,1.332877190580819e-10,0.5
19753,m53,21.77,1.332877190580819e-10,0.61
19793,m53,21.78,1.320657299046394e-10,0.44
19833,m53,21.78,1.320657299046394e-10,0.6
19873,m53,21.79,1.3085494401509695e-10,0.43
19913,m53,21.79,1.3085494401509695e-10,0.38
19953,m53,21.8,1.2965525867731313e-10,0.63
19993,m53,21.8,1.2965525867731313e-10,0.53
20033,m53,21.81,1.2846657212081716e-10,0.55
20073,m53,21.81,1.2846657212081716e-10,0.62
20113,m53,21.82,1.2728878350817563e-10,0.51
20153,m53,21.82,1.2728878350817563e-10,0.56
20193,m53,21.83,1.2612179292644048e-10,0.48
20233,m53,21.83,1.2612179292644048e-10,0.44
20273,m53,21.83,1.2612179292644048e-10,0.63
20313,m53,21.84,1.2496550137866802e-10,0.44
20353,m53,21.84,1.2496550137866802e-10,0.63
20393,m53,21.85,1.2381981077552484e-10,0.56
20433,m53,21.85,1.2381981077552484e-10,0.71
20473,m53,21.85,1.2381981077552484e-10,0.53
20513,m53,21.86,1.226846239269681e-10,0.5
20553,m53,21.86,1.226846239269681e-10,0.37
20593,m53,21.87,1.215598445339957e-10,0.64
20633,m53,21.87,1.215598445339957e-10,0.48
20673,m53,21.88,1.2044537718048178e-10,0.62
20713,m53,21.88,1.2044537718048178e-10,0.49
20753,m53,21.89,1.1934112732507912e-10,0.5
20793,m53,21.89,1.1934112732507912e-10,0.56
20833,m53,21.9,1.1824700129320368e-10,0.47
20873,m53,21.9,1.1824700129320368e-10,0.57
20913,m53,21.91,1.1716290626908296e-10,0.67
20953,m53,21.91,1.1716290626908296e-10,0.51
20993,m53,21.92,1.1608875028788391e-10,0.55
21033,m53,21.92,1.1608875028788391e-10,0.38
21073,m53,21.93,1.1502444222791496e-10,0.51
21113,m53,21.93,1.1502444222791496e-10,0.49
21153,m53,21.94,1.1396989180289113e-10,0.55
21193,m53,21.94,1.1396989180289113e-10,0.8
21233,m53,21.94,1.1396989180289113e-10,0.52
21273,m53,21.95,1.12925009554277e-10,0.56
21313,m53,21.96,1.1188970684369809e-10,0.47
21353,m53,21.96,1.1188970684369809e-10,0.5
21393,m53,21.97,1.1086389584542332e-10,0.67
21433,m53,21.97,1.1086389584542332e-10,0.52
21473,m53,21.98,1.098474895389101e-10,0.31
21513,m53,21.99,1.0884040170142635e-10,0.55
21553,m53,21.99,1.0884040170142635e-10,0.56
21593,m53,22.0,1.0784254690073404e-10,0.58
21633,m53,22.0,1.0784254690073404e-10,0.87
21673,m53,22.01,1.0685384048784391e-10,0.46
21713,m53,22.01,1.0685384048784391e-10,0.55
21753,m53,22.02,1.0587419858983206e-10,0.55
21793,m53,22.02,1.0587419858983206e-10,0.73
21833,m53,22.03,1.0490353810272608e-10,0.61
21873,m53,22.04,1.0394177668445672e-10,0.55
21913,m53,22.05,1.0298883274787008e-10,0.45
21953,m53,22.05,1.0298883274787008e-10,0.74
21993,m53,22.06,1.0204462545380838e-10,0.77
22033,m53,22.06,1.0204462545380838e-10,0.48
22073,m53,22.07,1.0110907470425045e-10,0.42
22113,m53,22.07,1.0110907470425045e-10,0.56
22153,m53,22.08,1.0018210113552071e-10,0.63
22193,m53,22.09,9.926362611155222e-11,0.58
22233,m53,22.09,9.926362611155222e-11,0.45
22273,m53,22.1,9.83535717172173e-11,0.44
22313,m53,22.11,9.745186075172081e-11,0.62
22353,m53,22.12,9.6558416722047e-11,0.59
22393,m53,22.12,9.6558416722047e-11,0.73
22433,m53,22.13,9.567316383647226e-11,0.63
22473,m53,22.14,9.47960269981357e-11,0.43
22513,m53,22.15,9.39269317986704e-11,0.27
22553,m53,22.16,9.306580451188701e-11,0.46
22593,m53,22.16,9.306580451188701e-11,0.51
22633,m53,22.17,9.221257208752265e-11,0.93
22673,m53,22.18,9.136716214504487e-11,0.65
22713,m53,22.19,9.052950296750775e-11,0.52
22753,m53,22.2,8.969952349547156e-11,0.64
22793,m53,22.21,8.887715332097212e-11,0.44
22833,m53,22.22,8.806232268155159e-11,0.45
22873,m53,22.23,8.725496245433652e-11,0.65
22913,m53,22.24,8.645500415017575e-11,0.72
22953,m53,22.25,8.566237990783049e-11,0.62
22993,m53,22.26,8.487702248821908e-11,0.6
23033,m53,22.27,8.409886526870937e-11,0.66
23073,m53,22.28,8.33278422374697e-11,0.49
23113,m53,22.3,8.180693771292998e-11,0.52
23153,m53,22.31,8.105692719982399e-11,0.63
23193,m53,22.33,7.957747154594766e-11,0.5
23233,m53,22.34,7.884790090152028e-11,0.5
23273,m53,22.36,7.740876452151095e-11,0.41
23313,m53,22.38,7.599589534071203e-11,0.55
23353,m53,22.41,7.392479621112235e-11,0.62
23393,m53,22.43,7.25755166184406e-11,0.48
23433,m53,22.48,6.93090802972865e-11,0.55
23473,m53,22.52,6.680210319120915e-11,0.76
23513,m53,22.66,5.872055287673298e-11,0.4
0,hyades,5.789,0.00032899563504415843,0.43599999999999994
1,hyades,8.914,1.8500784139257245e-05,0.863999999999999
2,hyades,5.791,0.0003283901605220802,0.43900000000000006
3,hyades,12.13,9.567316383647196e-07,0.9499999999999993
4,hyades,9.66,9.306580451188693e-06,0.5600000000000005
5,hyades,8.01,4.2539280099390277e-05,0.5800000000000001
6,hyades,11.11,2.447880067476092e-06,1.4000000000000004
7,hyades,7.372999999999999,7.648744184081563e-05,0.585
8,hyades,7.747000000000001,5.41988580210572e-05,0.6289999999999987
9,hyades,11.1,2.4705300228698323e-06,0.9199999999999999
10,hyades,10.6,3.915526215017198e-06,0.7000000000000011
11,hyades,12.08,1.001821011355208e-06,0.8100000000000005
12,hyades,9.86,7.74087645215111e-06,0.6500000000000004
13,hyades,8.3,3.2567928504540684e-05,0.7699999999999996
14,hyades,10.75,3.410280768798523e-06,1.42
15,hyades,8.87,1.9265937007856118e-05,0.8490000000000002
16,hyades,12.3,8.180693771292981e-07,0.7699999999999996
17,hyades,11.86,1.2268462392696823e-06,0.8300000000000001
18,hyades,9.71,8.887715332097221e-06,0.48999999999999844
19,hyades,8.73,2.1917455627092526e-05,0.4900000000000002
20,hyades,9.362,1.2245883851790487e-05,0.9199999999999999
21,hyades,10.12,6.092424220215463e-06,0.5300000000000011
22,hyades,8.95,1.7897407890117954e-05,0.9000000000000004
23,hyades,7.41,7.392479621112219e-05,1.1099999999999994
24,hyades,10.118,6.1036572231689145e-06,1.2460000000000004
25,hyades,5.946000000000001,0.00028470174954676444,0.347999999999999
26,hyades,8.964,1.7668111688573633e-05,0.9059999999999988
27,hyades,14.128,1.519113194817114e-07,0.8420000000000005
28,hyades,13.03,4.1762850735127356e-07,1.5
29,hyades,12.41,7.39247962111222e-07,0.6899999999999995
30,hyades,6.34,0.00019805697242754065,0.4220000000000006
31,hyades,8.66,2.3377073159093177e-05,0.6699999999999999
32,hyades,5.865,0.0003067539303872659,0.3470000000000004
33,hyades,14.59,9.926362611155203e-08,1.4400000000000013
34,hyades,10.2,5.659657314584129e-06,0.8200000000000003
35,hyades,12.96,4.454409460560502e-07,1.4099999999999984
36,hyades,9.79,8.256388798787014e-06,1.1700000000000017
37,hyades,12.987,4.3450035536144944e-07,1.5229999999999997
38,hyades,10.095,6.234335010548011e-06,1.0670000000000002
39,hyades,9.93,7.257551661844075e-06,0.7400000000000002
40,hyades,14.58,1.0018210113552081e-07,1.4300000000000015
41,hyades,5.437,0.00045497772623723427,0.3569999999999993
42,hyades,11.231,2.1897278197927112e-06,1.399000000000001
43,hyades,13.8,2.0548973684445796e-07,0.11999999999999922
44,hyades,11.4,1.8740886737853906e-06,1.3499999999999996
45,hyades,9.291,1.307344776430541e-05,0.8989999999999991
46,hyades,9.11,1.5445079069807104e-05,0.8100000000000005
47,hyades,7.811,5.109638035296306e-05,0.6050000000000004
48,hyades,11.23,2.1917455627092525e-06,0.7899999999999991
49,hyades,10.472999999999999,4.401392873995838e-06,1.197000000000001
50,hyades,6.042999999999999,0.0002603695161189264,0.4090000000000016
51,hyades,9.924,7.297769397848517e-06,1.0100000000000016
52,hyades,11.269,2.1144145369379334e-06,1.33
53,hyades,12.86,4.884162850198523e-07,1.5200000000000014
54,hyades,12.25,8.566237990783066e-07,1.0
55,hyades,10.78,3.3173411501487373e-06,0.8100000000000005
56,hyades,11.54,1.6473661427950898e-06,0.8300000000000001
57,hyades,14.68,9.136716214504497e-08,1.2800000000000011
58,hyades,6.5760000000000005,0.00015936396846775847,0.4289999999999994
59,hyades,5.699,0.00035742928797014223,0.35800000000000054
60,hyades,8.27,3.348036129888561e-05,0.8600000000000012
61,hyades,14.76,8.4877022488219e-08,1.6399999999999988
62,hyades,11.45,1.7897407890117952e-06,0.8800000000000008
63,hyades,10.01,6.742021544172012e-06,0.9800000000000004
64,hyades,11.73,1.3828979600232762e-06,0.8399999999999999
65,hyades,14.13,1.5163174606564124e-07,1.5399999999999991
66,hyades,13.8,2.0548973684445796e-07,1.3099999999999987
67,hyades,8.419,2.9187045556367174e-05,0.7059999999999995
68,hyades,8.03,4.176285073512736e-05,0.652000000000001
69,hyades,7.045,0.00010346420760085096,0.44899999999999984
70,hyades,8.047,4.11140382869646e-05,0.6639999999999997
71,hyades,7.08,0.0001001821011355208,0.5259999999999998
72,hyades,12.74,5.454941983561879e-07,1.6099999999999994
73,hyades,12.58,6.321063249691434e-07,1.25
74,hyades,11.585,1.5804841177355736e-06,1.334999999999999
75,hyades,14.99,6.867365082968931e-08,1.299999999999999
76,hyades,7.81,5.114346353772522e-05,0.7000000000000002
77,hyades,6.3,0.00020548973684445806,0.40500000000000025
78,hyades,11.91,1.1716290626908273e-06,1.4399999999999995
79,hyades,9.125,1.523316464050272e-05,0.8189999999999991
80,hyades,14.45,1.1292500955427677e-07,1.5700000000000003
81,hyades,10.8,3.2567928504540685e-06,1.1600000000000001
82,hyades,8.315,3.212107977353247e-05,0.7599999999999998
83,hyades,13.88,1.9089305835675605e-07,1.5699999999999985
84,hyades,12.33,7.957747154594767e-07,1.3800000000000008
85,hyades,7.513999999999999,6.717228717003069e-05,0.6880000000000006
86,hyades,9.548,1.0317872002764804e-05,0.984
87,hyades,10.011000000000001,6.735814771613467e-06,1.0879999999999992
88,hyades,5.631,0.0003805310819971336,0.31400000000000006
89,hyades,8.597000000000001,2.4773657892038663e-05,0.7479999999999993
90,hyades,8.427,2.8972777818073885e-05,0.7300000000000004
91,hyades,14.02,1.6779929660230072e-07,0.6699999999999999
92,hyades,3.65,0.002359337855384059,0.9899999999999998
93,hyades,6.853,0.00012347815622548884,0.548
94,hyades,5.568,0.00040326463362319424,0.28800000000000026
95,hyades,7.444,7.16457009497197e-05,0.5720000000000001
96,hyades,6.093999999999999,0.00024842204695769775,0.38400000000000034
97,hyades,13.876,1.91597631448277e-07,1.5540000000000003
98,hyades,6.141,0.00023789764121699336,0.46199999999999974
99,hyades,6.779,0.0001321874229701543,0.43599999999999994
100,hyades,6.787000000000001,0.00013121700956890954,0.4469999999999992
101,hyades,10.1,6.205690843083789e-06,0.5999999999999996
102,hyades,6.577999999999999,0.00015907067940138084,0.42100000000000026
103,hyades,12.85,4.929355452631384e-07,1.2800000000000011
104,hyades,5.71,0.00035382632035461643,0.3439999999999994
105,hyades,9.12,1.530347773375955e-05,0.6400000000000006
106,hyades,9.82,8.031379282443292e-06,1.234
107,hyades,11.595,1.5659941522480683e-06,1.1849999999999987
108,hyades,7.084,9.981369567988679e-05,0.4920000000000009
109,hyades,7.821000000000001,5.062792592210695e-05,0.6739999999999986
110,hyades,10.28,5.257631405941856e-06,0.5
111,hyades,3.76,0.0021320144113509084,0.9800000000000004
112,hyades,8.846,1.96965487811258e-05,0.782
113,hyades,9.381,1.2033449395992375e-05,0.9089999999999989
114,hyades,5.625,0.0003826397956943029,0.33200000000000074
115,hyades,10.472000000000001,4.4054485740760615e-06,1.4129999999999985
116,hyades,7.159,9.315156077169637e-05,0.4660000000000002
117,hyades,9.097000000000001,1.5631121396621498e-05,0.8659999999999979
118,hyades,11.02,2.659439628847495e-06,1.1390000000000011
119,hyades,12.514000000000001,6.717228717003058e-07,1.4869999999999983
120,hyades,4.8,0.0008180693771292992,0.15000000000000036
121,hyades,15.11,6.148796727455943e-08,1.7100000000000009
122,hyades,7.582999999999999,6.303621614085642e-05,0.6340000000000012
123,hyades,8.203,3.561148925022986e-05,0.6050000000000004
124,hyades,7.125,9.611477109601174e-05,0.5209999999999999
125,hyades,9.966000000000001,7.020857137617599e-06,1.068999999999999
126,hyades,6.947,0.00011323746436010229,0.4580000000000002
127,hyades,13.57,2.539745128520957e-07,0.7699999999999996
128,hyades,7.79,5.209429151478662e-05,0.5919999999999996
129,hyades,13.22,3.505824211512158e-07,1.5199999999999996
130,hyades,8.934,1.8163106772972563e-05,0.7510000000000012
131,hyades,5.965,0.00027976290952821476,0.38900000000000023
132,hyades,10.248,5.414896200953233e-06,1.0280000000000005
133,hyades,4.2010000000000005,0.0014203328640160636,0.16500000000000004
134,hyades,5.263999999999999,0.0005335684429016296,0.28000000000000025
135,hyades,4.298,0.001298943125992019,0.07099999999999973
136,hyades,6.439,0.0001807965487775109,0.5120000000000005
137,hyades,8.988999999999999,1.72659363660786e-05,0.9390000000000001
138,hyades,7.527,6.63727995142531e-05,0.6919999999999993
139,hyades,7.35,7.81250190009655e-05,0.5200000000000005
140,hyades,13.43,2.889283357242577e-07,0.9399999999999995
141,hyades,7.472,6.982165454790676e-05,0.5550000000000006
142,hyades,4.282,0.001318226797660379,0.29000000000000004
143,hyades,7.334,7.928483669071111e-05,0.5630000000000006
144,hyades,4.48,0.0010984748953890991,0.2779999999999996
145,hyades,8.05,4.100059280386189e-05,0.6399999999999988
146,hyades,15.37,4.83938457603521e-08,1.1300000000000008
147,hyades,8.12,3.844059807433961e-05,0.6600000000000001
148,hyades,10.501,4.289336676228839e-06,1.3469999999999995
149,hyades,9.432,1.148127544066591e-05,1.045
151,hyades,12.07,1.0110907470425066e-06,0.8100000000000005
152,hyades,10.312999999999999,5.10023439792891e-06,1.0020000000000007
153,hyades,11.04,2.6108993852068616e-06,0.8100000000000005
154,hyades,7.404,7.433445060653377e-05,0.5449999999999999
155,hyades,13.6,2.4705300228698325e-07,1.3900000000000006
156,hyades,7.482,6.918152577133344e-05,0.5840000000000005
157,hyades,9.475,1.1035452251322981e-05,0.9270000000000014
158,hyades,10.129,6.042130985528361e-06,1.0210000000000008
159,hyades,5.711,0.0003535005843003369,0.28500000000000014
160,hyades,9.032,1.6595492140826985e-05,0.8279999999999994
161,hyades,11.057,2.5703374026744306e-06,0.9499999999999993
162,hyades,5.892,0.000299219667482066,0.33499999999999996
163,hyades,3.84,0.0019805697242754063,0.9400000000000004
164,hyades,3.53,0.0026350577397758644,1.0100000000000002
165,hyades,8.58,2.5164606052243514e-05,0.7360000000000007
166,hyades,3.41,0.002942999145335375,0.18999999999999995
167,hyades,7.837000000000001,4.988731565499303e-05,0.6189999999999989
168,hyades,5.013999999999999,0.0006717228717003068,0.21200000000000063
169,hyades,10.673,3.6609191349791973e-06,1.2970000000000006
170,hyades,13.83,1.998895710301056e-07,1.5399999999999991
171,hyades,6.565,0.0001609867511281765,0.5359999999999996
172,hyades,13.31,3.226934394128265e-07,1.4299999999999997
173,hyades,11.4,1.8740886737853906e-06,0.7999999999999989
174,hyades,7.007000000000001,0.0001071494968363633,0.5049999999999999
175,hyades,6.89,0.00011934112732507938,0.46200000000000063
176,hyades,9.182,1.4454069412062592e-05,0.802999999999999
177,hyades,10.629000000000001,3.812326921630462e-06,0.8509999999999991
178,hyades,8.934,1.8163106772972563e-05,0.8270000000000017
179,hyades,9.068999999999999,1.603947452036834e-05,0.9820000000000011
180,hyades,5.5520000000000005,0.00040925136440042657,0.33499999999999996
181,hyades,7.087000000000001,9.953828092136462e-05,0.49599999999999866
182,hyades,13.45,2.836547992774778e-07,1.4600000000000009
183,hyades,4.763999999999999,0.0008456489928668693,0.2110000000000003
184,hyades,8.84,1.9805697242754063e-05,0.8800000000000008
185,hyades,5.395,0.00047292267342210575,0.2600000000000007
186,hyades,5.454,0.00044790935788537777,0.28500000000000014
187,hyades,6.4910000000000005,0.000172341606114608,0.44899999999999984
188,hyades,7.015,0.00010636289168641574,0.47600000000000087
189,hyades,13.82,2.017391264587645e-07,1.3900000000000006
190,hyades,10.66,3.705016410951221e-06,0.8900000000000006
191,hyades,11.49,1.7250041172132317e-06,0.9599999999999991
192,hyades,8.572000000000001,2.535071051408398e-05,0.754999999999999
193,hyades,7.746,5.424880000967705e-05,0.5540000000000003
194,hyades,9.517000000000001,1.0616714434465523e-05,0.9979999999999993
195,hyades,12.37,7.669907670259512e-07,1.3600000000000012
196,hyades,5.997999999999999,0.00027138768473345776,0.3440000000000012
197,hyades,11.0,2.7088823029938953e-06,1.3000000000000007
198,hyades,6.352,0.0001958800183261419,0.43099999999999916
199,hyades,11.0,2.7088823029938953e-06,1.189
200,hyades,10.77,3.348036129888561e-06,0.870000000000001
201,hyades,10.477,4.385207376498878e-06,1.0309999999999988
202,hyades,8.9,1.8740886737853908e-05,0.9499999999999993
203,hyades,8.641,2.3789764121699334e-05,0.7550000000000008
204,hyades,10.725999999999999,3.48650374454069e-06,1.1940000000000008
205,hyades,9.357000000000001,1.2302408283423924e-05,0.8970000000000002
206,hyades,10.732999999999999,3.4640977302724367e-06,1.1929999999999996
207,hyades,6.597,0.00015631121396621515,0.43400000000000016
208,hyades,4.65,0.0009392693179867035,0.25
209,hyades,8.495,2.7213859355933726e-05,0.8160000000000007
210,hyades,11.25,2.151741697812987e-06,1.2799999999999994
211,hyades,12.84,4.974966217066066e-07,1.0999999999999996
212,hyades,9.644,9.444742806556517e-06,0.9209999999999994
213,hyades,10.29,5.209429151478665e-06,0.620000000000001
214,hyades,7.898,4.7161774344217705e-05,0.6319999999999997
215,hyades,12.06,1.0204462545380797e-06,0.6500000000000004
216,hyades,9.17,1.461470777608449e-05,0.4399999999999995
217,hyades,10.2,5.659657314584129e-06,0.6000000000000014
218,hyades,14.92,7.324704960566777e-08,1.4799999999999986
219,hyades,9.345,1.2439133705437561e-05,0.8669999999999991
220,hyades,6.019,0.00026618901916181613,0.39899999999999913
221,hyades,6.619,0.0001531757925063148,0.45500000000000007
222,hyades,8.107999999999999,3.886781580871218e-05,1.2460000000000004
223,hyades,7.545,6.528150167658036e-05,0.6079999999999988
224,hyades,12.932,4.570778080028864e-07,1.2109999999999985
225,hyades,11.472999999999999,1.752226063560809e-06,1.4329999999999998
226,hyades,5.776,0.0003329585227172331,0.3260000000000005
227,hyades,4.27,0.0013328771905808164,0.1200000000000001
228,hyades,10.09,6.263111393481961e-06,1.3290000000000006
229,hyades,7.501,6.798140498328862e-05,0.6019999999999994
230,hyades,7.945,4.516376468795476e-05,0.6479999999999997
231,hyades,5.365,0.000486172216031468,0.2579999999999991
232,hyades,4.665,0.0009263820598131041,0.1769999999999996
233,hyades,9.68,9.136716214504498e-06,0.7200000000000006
234,hyades,11.91,1.1716290626908273e-06,0.8100000000000005
235,hyades,9.992,6.854726573065937e-06,1.084999999999999
236,hyades,11.09,2.4933895557204757e-06,1.75
237,hyades,9.402000000000001,1.1802938276283759e-05,0.8089999999999993
238,hyades,13.577,2.5234234579429517e-07,1.4730000000000008
239,hyades,9.475,1.1035452251322981e-05,1.0830000000000002
240,hyades,13.96,1.7733323468304718e-07,0.8499999999999996
241,hyades,13.55,2.5869625157638407e-07,1.2899999999999991
242,hyades,8.851,1.960605135986123e-05,0.6889999999999983
243,hyades,9.94,7.1910140282647096e-06,1.4600000000000009
244,hyades,11.286,2.08156576229747e-06,1.3740000000000006
245,hyades,11.982000000000001,1.096453292390594e-06,1.4479999999999986
246,hyades,7.97,4.41357118915591e-05,0.35000000000000053
247,hyades,13.16,3.705016410951221e-07,1.33
248,hyades,9.86,7.74087645215111e-06,1.1799999999999997
249,hyades,9.92,7.324704960566771e-06,0.9159999999999986
250,hyades,5.379,0.00047994352397076254,0.25900000000000034
251,hyades,5.346,0.0004947549363087646,0.21999999999999975
252,hyades,5.981,0.00027567039972496834,1.2200000000000006
253,hyades,10.922,2.910651008426462e-06,1.2669999999999995
254,hyades,8.28,3.317341150148739e-05,0.6740000000000013
255,hyades,7.228,8.741584016336084e-05,0.5709999999999997
256,hyades,13.9,1.8740886737853908e-07,0.9000000000000004
257,hyades,9.581,1.000898724898378e-05,1.0619999999999994
258,hyades,13.42,2.916017566990403e-07,1.0700000000000003
259,hyades,10.042,6.5462130564821e-06,0.9300000000000015
260,hyades,10.674000000000001,3.6575488561574566e-06,1.125
261,hyades,11.312000000000001,2.0323108510432513e-06,2.560999999999998
262,hyades,8.522,2.6545452692671442e-05,0.7359999999999989
263,hyades,11.085,2.5048985189920207e-06,1.3649999999999984
264,hyades,11.58,1.5877793009613764e-06,0.7899999999999991
265,hyades,9.057,1.621773262009576e-05,0.8469999999999995
266,hyades,11.6,1.5587990626885414e-06,0.9800000000000004
267,hyades,8.947000000000001,1.7946928639588398e-05,0.8419999999999987
268,hyades,9.492,1.0864009481834505e-05,1.0869999999999997
269,hyades,7.739,5.45996848523391e-05,0.585
270,hyades,8.51,2.6840471207610407e-05,0.5600000000000005
271,hyades,7.095,9.880755117739537e-05,0.5779999999999994
272,hyades,7.712000000000001,5.597448880048942e-05,0.7409999999999988
273,hyades,7.266,8.440926837087455e-05,0.5310000000000006
274,hyades,12.29,8.256388798787015e-07,0.9300000000000015
275,hyades,10.83,3.168036203695867e-06,0.6300000000000008
276,hyades,6.752999999999999,0.00013539110600121047,0.5690000000000008
277,hyades,5.085,0.0006292020602164502,0.21700000000000053
278,hyades,7.886,4.7685916719561645e-05,0.5319999999999991
279,hyades,9.52,1.0587419858983193e-05,1.120000000000001
280,hyades,6.25,0.00021517416978129872,0.5010000000000003
281,hyades,9.07,1.6024708419480895e-05,0.5099999999999998
282,hyades,11.3,2.0548973684445794e-06,0.9299999999999997
283,hyades,11.06,2.5632451008589757e-06,0.7599999999999998
284,hyades,9.41,1.1716290626908267e-05,0.7200000000000006
285,hyades,12.21,8.887715332097221e-07,0.9699999999999989
286,hyades,9.28,1.3206572990463982e-05,0.4900000000000002
287,hyades,7.24,8.645500415017545e-05,0.4900000000000002
288,hyades,9.57,1.0110907470425061e-05,0.5
289,hyades,6.347,0.00019678415941046357,0.29299999999999926
290,hyades,9.85,7.812501900096546e-06,0.6100000000000012
291,hyades,9.17,1.461470777608449e-05,0.4900000000000002
292,hyades,11.33,1.9988957103010558e-06,0.8300000000000001
293,hyades,12.11,9.7451860751721e-07,0.8900000000000006
294,hyades,10.84,3.1389914731986756e-06,1.3499999999999996
295,hyades,8.54,2.6108993852068617e-05,0.5500000000000007
296,hyades,8.94,1.8063010566393168e-05,0.620000000000001
297,hyades,8.892000000000001,1.8879484681073068e-05,0.7299999999999986
298,hyades,12.34,7.88479009015202e-07,0.6699999999999999
299,hyades,6.747000000000001,0.00013614137606640775,0.472999999999999
300,hyades,10.6,3.915526215017198e-06,0.8000000000000007
301,hyades,10.287,5.223843240796976e-06,0.9829999999999988
302,hyades,11.27,2.1124679857382306e-06,1.2800000000000011
303,hyades,12.37,7.669907670259512e-07,1.120000000000001
304,hyades,11.87,1.2155984453399571e-06,0.8900000000000006
305,hyades,4.615,0.000970041101232497,0.1819999999999995
306,hyades,8.596,2.4796485785202708e-05,0.7759999999999998
307,hyades,8.77,2.1124679857382298e-05,0.9700000000000006
308,hyades,9.88,7.599589534071172e-06,0.9689999999999994
309,hyades,11.84,1.2496550137866791e-06,0.7200000000000006
310,hyades,10.7,3.5710023498779024e-06,0.9000000000000004
311,hyades,5.43,0.00045792055239849533,0.2400000000000002
312,hyades,12.72,5.556356926790972e-07,0.9499999999999993
313,hyades,5.997000000000001,0.00027163775717330954,0.2989999999999995
314,hyades,8.623,2.4187452861663944e-05,0.684000000000001
315,hyades,9.25,1.3576572276593848e-05,0.9399999999999995
316,hyades,11.61,1.5445079069807107e-06,0.8200000000000003
317,hyades,12.69,5.712025478949051e-07,0.5200000000000014
318,hyades,10.97,2.784775157184098e-06,1.1199999999999992
319,hyades,10.21,5.6077692644359655e-06,0.5899999999999999
320,hyades,8.92,1.839882700525859e-05,0.41999999999999993
321,hyades,11.0,2.7088823029938953e-06,0.3000000000000007
322,hyades,12.67,5.81821996120319e-07,0.6799999999999997
323,hyades,12.22,8.80623226815516e-07,0.7699999999999996
324,hyades,9.5,1.0784254690073414e-05,0.5099999999999998
325,hyades,10.41,4.664339310860909e-06,0.6899999999999995
326,hyades,5.525,0.000419556192955486,0.25
327,hyades,4.13,0.0015163174606564133,0.16000000000000014
328,hyades,14.07,1.6024708419480895e-07,0.6699999999999999
0,pleiades,2.823,0.005053475167908892,-0.10099999999999999
1,pleiades,3.5260000000000002,0.0026447835558638427,-0.109
2,pleiades,3.6319999999999997,0.0023987784355452815,-0.12
3,pleiades,3.665,0.0023269665264384325,-0.127
4,pleiades,3.915,0.0018483752132083331,-0.14
5,pleiades,4.092,0.0015703271374804463,-0.135
6,pleiades,4.9719999999999995,0.0006982165454790683,-0.109
7,pleiades,5.267,0.000532096173762051,-0.10800000000000001
8,pleiades,5.354,0.0004911228447698112,-0.099
9,pleiades,5.527,0.0004187840532722939,-0.11
10,pleiades,5.646,0.00037530999981882104,-0.071
11,pleiades,6.125,0.00024142938938372105,-0.057999999999999996
12,pleiades,6.337999999999999,0.000198422143084707,-0.054000000000000006
13,pleiades,6.5329999999999995,0.00016580214164549367,-0.040999999999999995
14,pleiades,6.605,0.0001551637031562655,-0.040999999999999995
15,pleiades,6.584,0.00015819404679743784,-0.005
16,pleiades,6.888,0.00011956116440510794,-0.005
17,pleiades,7.164,9.272356822689655e-05,0.003
18,pleiades,7.143,9.453445743389228e-05,0.026000000000000002
19,pleiades,6.724,0.0001390561291635464,0.054000000000000006
20,pleiades,6.813,0.0001281120958167605,0.053
21,pleiades,6.944,0.00011355078370431548,0.087
22,pleiades,7.412000000000001,7.37887470484953e-05,0.065
23,pleiades,7.434,7.230863045849162e-05,0.043
24,pleiades,7.466,7.020857137617602e-05,0.099
25,pleiades,7.654,5.904595292948726e-05,0.122
26,pleiades,7.609,6.154462587354119e-05,0.124
27,pleiades,7.609,6.154462587354119e-05,0.14
28,pleiades,7.412999999999999,7.372081638892857e-05,0.133
29,pleiades,7.79,5.209429151478662e-05,0.14300000000000002
30,pleiades,7.875,4.817149623632863e-05,0.145
31,pleiades,8.052,4.09251364400427e-05,0.17300000000000001
32,pleiades,8.013,4.242190196328908e-05,0.18100000000000002
33,pleiades,8.047,4.11140382869646e-05,0.191
34,pleiades,7.982,4.365059178776858e-05,0.212
35,pleiades,8.142000000000001,3.766952431017735e-05,0.22
36,pleiades,8.216000000000001,3.518763966494851e-05,0.253
37,pleiades,8.342,3.1332145595876864e-05,0.262
38,pleiades,8.336,3.150577273885024e-05,0.27899999999999997
39,pleiades,8.027000000000001,4.187840532722936e-05,0.285
40,pleiades,7.977,4.385207376498876e-05,0.318
41,pleiades,7.805,5.1379531039526084e-05,0.313
42,pleiades,8.71,2.2324931549814678e-05,0.348
43,pleiades,8.829,2.0007376093827176e-05,0.358
44,pleiades,8.868,1.930145888215242e-05,0.355
45,pleiades,8.817,2.0229732308707464e-05,0.387
46,pleiades,8.85,1.9624117518995332e-05,0.384
47,pleiades,9.055,1.6247634319622116e-05,0.385
48,pleiades,8.976,1.7473911667574715e-05,0.40299999999999997
49,pleiades,8.942,1.802976789833007e-05,0.418
50,pleiades,9.267000000000001,1.3365651591310591e-05,0.397
51,pleiades,9.439,1.1407491030784202e-05,0.391
52,pleiades,9.217,1.3995555344563261e-05,0.449
53,pleiades,9.433,1.1470705663504086e-05,0.45899999999999996
54,pleiades,9.022,1.674904833899257e-05,0.474
55,pleiades,9.54,1.0394177668445688e-05,0.48200000000000004
56,pleiades,9.661,9.298012720014916e-06,0.486
57,pleiades,9.774,8.378960362988905e-06,0.504
58,pleiades,9.912,7.3788747048495295e-06,0.523
59,pleiades,9.988999999999999,6.873693073656282e-06,0.524
60,pleiades,9.9,7.460881392870582e-06,0.54
61,pleiades,10.213,5.592295812548514e-06,0.57
62,pleiades,10.232999999999999,5.4902249107287765e-06,0.5760000000000001
63,pleiades,10.244000000000002,5.434882208770439e-06,0.583
64,pleiades,10.005,6.773141301672328e-06,0.589
65,pleiades,10.429,4.58342507101079e-06,0.609
66,pleiades,10.49,4.333014436326077e-06,0.632
67,pleiades,10.960999999999999,2.8079549510128904e-06,0.713
68,pleiades,11.155999999999999,2.346335632123748e-06,0.7040000000000001
69,pleiades,11.027000000000001,2.6423487416333805e-06,0.731
70,pleiades,10.988,2.7389880406291165e-06,0.7390000000000001
71,pleiades,11.324000000000002,2.0099725945897227e-06,0.812
72,pleiades,11.425,1.8314292073947954e-06,0.8190000000000001
73,pleiades,11.469000000000001,1.758693408917801e-06,0.7959999999999999
74,pleiades,11.512,1.6904025375166149e-06,0.838
75,pleiades,11.547,1.6367793452451628e-06,0.845
76,pleiades,13.538,2.6157132720021834e-07,0.638
77,pleiades,13.713,2.2263330628318604e-07,0.505
78,pleiades,11.875,1.2100132778154867e-06,0.961
79,pleiades,12.459000000000001,7.066268508037697e-07,0.9670000000000001
80,pleiades,12.304,8.150610431234676e-07,0.986
81,pleiades,12.415999999999999,7.351739940586325e-07,1.006
82,pleiades,12.314,8.075885185643541e-07,1.036
83,pleiades,12.105,9.790167810319027e-07,1.0490000000000002
84,pleiades,11.977,1.1015142908383251e-06,1.042
85,pleiades,12.770999999999999,5.301394656164441e-07,1.136
86,pleiades,12.671,5.812863649634308e-07,1.216
87,pleiades,12.945,4.5163764687954755e-07,1.25
0,47tuc,14.137,1.506572847385346e-07,0.731
5,47tuc,17.169,9.229754212921673e-09,0.645
7,47tuc,17.186,9.086364110919151e-09,0.593
9,47tuc,17.203,8.945201665350173e-09,0.5579999999999999
12,47tuc,17.322,8.016598552808356e-09,0.557
15,47tuc,17.451,7.11852698946112e-09,0.5489999999999999
19,47tuc,17.56,6.438580589481072e-09,0.535
21,47tuc,17.702,5.649241436856097e-09,0.551
23,47tuc,17.764,5.335684429016299e-09,0.537
25,47tuc,17.868,4.8483072674418826e-09,0.542
27,47tuc,17.878,4.803857719237174e-09,0.5529999999999999
29,47tuc,17.902,4.698834361388898e-09,0.563
31,47tuc,17.930999999999997,4.5749898615163705e-09,0.5529999999999999
34,47tuc,18.022000000000002,4.207170726341346e-09,0.551
38,47tuc,18.143,3.763484536881682e-09,0.544
40,47tuc,18.225,3.4897164124213456e-09,0.574
42,47tuc,18.285999999999998,3.2990594063253966e-09,0.561
46,47tuc,18.394000000000002,2.9866899183209592e-09,0.58
48,47tuc,18.409000000000002,2.9457109963815163e-09,0.574
51,47tuc,18.436,2.8733606240115344e-09,0.596
53,47tuc,18.47,2.784775157184104e-09,0.602
55,47tuc,18.483,2.751630634999692e-09,0.594
57,47tuc,18.596,2.4796485785202695e-09,0.614
61,47tuc,18.703,2.2469330690309972e-09,0.628
63,47tuc,18.773,2.1066390776288315e-09,0.626
65,47tuc,18.792,2.070094330721589e-09,0.659
67,47tuc,18.804000000000002,2.0473407750738804e-09,0.643
71,47tuc,18.98,1.7409653837916172e-09,0.69
74,47tuc,19.094,1.5674371505876256e-09,0.69
77,47tuc,19.173,1.4574381584517267e-09,0.7090000000000001
81,47tuc,19.323,1.2693755706240934e-09,0.735
84,47tuc,19.363,1.2234610168467404e-09,0.71
93,47tuc,19.442,1.1376014474724571e-09,0.74
97,47tuc,19.475,1.1035452251322963e-09,0.747
99,47tuc,19.491,1.087402021375246e-09,0.765
101,47tuc,19.500999999999998,1.077432659719563e-09,0.757
103,47tuc,19.527,1.0519379811472603e-09,0.755
105,47tuc,19.532,1.047104765151812e-09,0.7509999999999999
112,47tuc,19.648,9.410011105608369e-10,0.769
114,47tuc,19.673,9.19581310200806e-10,0.785
117,47tuc,19.718,8.822468897369012e-10,0.787
122,47tuc,19.838,7.899327795861371e-10,0.816
124,47tuc,19.871,7.662846676440024e-10,0.8190000000000001
127,47tuc,19.934,7.230863045849151e-10,0.8390000000000001
129,47tuc,19.982,6.918152577133352e-10,0.8440000000000001
133,47tuc,20.065,6.408997998823837e-10,0.852
136,47tuc,20.132,6.025459004443955e-10,0.86
138,47tuc,20.143,5.964721022436446e-10,0.873
140,47tuc,20.151,5.920932853450324e-10,0.863
144,47tuc,20.197,5.675317150560654e-10,0.888
146,47tuc,20.236,5.475075797596346e-10,0.914
148,47tuc,20.33,5.020999012707936e-10,0.9329999999999999
152,47tuc,20.389,4.755433752946397e-10,0.922
154,47tuc,20.414,4.647186865168782e-10,0.914
156,47tuc,20.432000000000002,4.5707780800288543e-10,0.991
161,47tuc,20.500999999999998,4.2893366762288475e-10,0.9520000000000001
165,47tuc,20.552,4.092513644004266e-10,0.9790000000000001
169,47tuc,20.604,3.901127423187718e-10,0.982
173,47tuc,20.644000000000002,3.760019835323706e-10,1.01
175,47tuc,20.669,3.6744313346104653e-10,1.011
177,47tuc,20.678,3.644098739444161e-10,0.9740000000000001
181,47tuc,20.739,3.4450072163887315e-10,1.012
183,47tuc,20.768,3.354209124147645e-10,1.023
187,47tuc,20.833000000000002,3.15929467859666e-10,1.024
189,47tuc,20.865,3.0675393038726676e-10,1.069
192,47tuc,20.888,3.003240666046771e-10,1.038
197,47tuc,20.991999999999997,2.7289158009211564e-10,1.11
199,47tuc,21.008000000000003,2.6889958748439616e-10,1.054
205,47tuc,21.043000000000003,2.6036951611892573e-10,1.0
208,47tuc,21.098000000000003,2.4750851014461763e-10,1.103
212,47tuc,21.113000000000003,2.441125660747806e-10,1.078
214,47tuc,21.118000000000002,2.4299097071441825e-10,1.082
218,47tuc,21.147,2.3658659615528406e-10,1.054
220,47tuc,21.156999999999996,2.344175572041001e-10,1.092
222,47tuc,21.171999999999997,2.312012277421846e-10,1.14
226,47tuc,21.191999999999997,2.2698132975958562e-10,1.09
237,47tuc,21.294,2.066284586025796e-10,1.15
239,47tuc,21.295,2.0643823437409402e-10,1.166
243,47tuc,21.331999999999997,1.9952169975889182e-10,1.097
246,47tuc,21.365,1.9354864532601182e-10,1.213
249,47tuc,21.381999999999998,1.9054174402013564e-10,1.153
251,47tuc,21.421999999999997,1.836496630985362e-10,1.226
254,47tuc,21.429000000000002,1.8246943864640628e-10,1.0959999999999999
263,47tuc,21.517,1.682635843348809e-10,1.173
269,47tuc,21.58,1.5877793009613762e-10,1.189
271,47tuc,21.590999999999998,1.5717741284853007e-10,1.21
278,47tuc,21.665,1.4682166202158927e-10,1.209
282,47tuc,21.699,1.422951625067444e-10,1.109
292,47tuc,21.761999999999997,1.3427344635990239e-10,1.2990000000000002
297,47tuc,21.79,1.3085494401509695e-10,1.229
302,47tuc,21.82,1.2728878350817563e-10,1.29
304,47tuc,21.826,1.2658729975165044e-10,1.249
306,47tuc,21.85,1.2381981077552484e-10,1.199
310,47tuc,21.871,1.214479353236307e-10,1.27
314,47tuc,21.901999999999997,1.1802938276283813e-10,1.3330000000000002
326,47tuc,21.971,1.1076183343254667e-10,1.2930000000000001
328,47tuc,21.980999999999998,1.097463628398591e-10,1.3019999999999998
335,47tuc,22.046,1.0336895741508385e-10,1.11
339,47tuc,22.063000000000002,1.017630549169549e-10,1.2819999999999998
342,47tuc,22.070999999999998,1.0101599267741614e-10,0.6940000000000001
348,47tuc,22.115,9.700411012325e-11,1.395
352,47tuc,22.124000000000002,9.620333685144492e-11,1.236
357,47tuc,22.156999999999996,9.33233104265868e-11,1.357
359,47tuc,22.166,9.255292232106268e-11,1.423
366,47tuc,22.203000000000003,8.94520166535012e-11,1.385
368,47tuc,22.205,8.928739162124265e-11,1.1540000000000001
374,47tuc,22.22,8.80623226815516e-11,1.42
385,47tuc,22.275,8.371246608158936e-11,1.359
398,47tuc,22.333000000000002,7.935789436307378e-11,1.446
407,47tuc,22.354,7.783772533378086e-11,1.51
411,47tuc,22.366,7.69821676963395e-11,1.386
415,47tuc,22.374000000000002,7.641702673579373e-11,1.3259999999999998
421,47tuc,22.397,7.48152507717133e-11,0.304
438,47tuc,22.471,6.98859922923571e-11,1.37
449,47tuc,22.52,6.680210319120915e-11,1.296
455,47tuc,22.549,6.504143822116225e-11,0.523
475,47tuc,22.607,6.165809974522478e-11,0.456
480,47tuc,22.618000000000002,6.103657223168895e-11,1.594
488,47tuc,22.635,6.008833026161231e-11,1.331
494,47tuc,22.647,5.942786607594939e-11,1.584
499,47tuc,22.656999999999996,5.888302812486004e-11,1.162
503,47tuc,22.671,5.812863649634302e-11,1.386
521,47tuc,22.758000000000003,5.365252134182929e-11,1.325
531,47tuc,22.773000000000003,5.29163811518369e-11,1.1540000000000001
546,47tuc,22.823,5.053475167908885e-11,0.447
559,47tuc,22.857,4.897676952707802e-11,1.31
561,47tuc,22.865,4.861722160314696e-11,1.3880000000000001
567,47tuc,22.884,4.7773838378327874e-11,1.2209999999999999
586,47tuc,22.932,4.570778080028882e-11,1.123
598,47tuc,22.964000000000002,4.4380290020923894e-11,0.326
604,47tuc,22.974,4.3973409076337236e-11,1.436
607,47tuc,22.987,4.345003553614508e-11,1.331
609,47tuc,22.988000000000003,4.341003499825484e-11,1.486
626,47tuc,23.028000000000002,4.183985164785034e-11,1.4280000000000002
634,47tuc,23.049,4.103837314119706e-11,1.382
637,47tuc,23.061,4.058729760656953e-11,1.4509999999999998
641,47tuc,23.073,4.0141180093480514e-11,1.469
646,47tuc,23.096,3.9299781517926615e-11,1.465
667,47tuc,23.145,3.7565583234047e-11,1.399
670,47tuc,23.174,3.65754885615746e-11,1.37
681,47tuc,23.19,3.604044427800899e-11,1.3359999999999999
719,47tuc,23.283,3.308187649663844e-11,1.4240000000000002
738,47tuc,23.355,3.095922895587151e-11,1.365
744,47tuc,23.375,3.039415934491146e-11,1.787
759,47tuc,23.406,2.953861551878709e-11,1.515
774,47tuc,23.453000000000003,2.8287211392037662e-11,1.371
787,47tuc,23.480999999999998,2.7567039972496945e-11,1.5490000000000002
799,47tuc,23.503,2.7014077158617156e-11,1.8940000000000001
804,47tuc,23.521,2.6569913220894537e-11,1.4580000000000002
806,47tuc,23.528000000000002,2.6399161689172886e-11,1.485
812,47tuc,23.548000000000002,2.59173226857974e-11,1.463
827,47tuc,23.59,2.4933895557204778e-11,1.536
836,47tuc,23.618000000000002,2.4299097071441827e-11,1.359
840,47tuc,23.633000000000003,2.3965700960924488e-11,1.2590000000000001
875,47tuc,23.721,2.209989121848204e-11,1.296
921,47tuc,23.848000000000003,1.966029979424108e-11,1.361
977,47tuc,23.978,1.744175316092964e-11,1.585
1206,47tuc,14.499,1.0794191931274975e-07,0.971
1212,47tuc,17.183,9.111505380733013e-09,0.632
1214,47tuc,17.225,8.765771306177476e-09,0.591
1216,47tuc,17.305999999999997,8.135610271871385e-09,0.5579999999999999
1219,47tuc,17.343,7.863033681435911e-09,0.557
1221,47tuc,17.364,7.712410477849921e-09,0.55
1223,47tuc,17.468,7.007936145156997e-09,0.54
1225,47tuc,17.531,6.612872296595167e-09,0.5479999999999999
1229,47tuc,17.593,6.24582966375256e-09,0.524
1232,47tuc,17.641,5.975718570611004e-09,0.5329999999999999
1234,47tuc,17.673,5.802165815179172e-09,0.542
1236,47tuc,17.706,5.628467153406851e-09,0.5479999999999999
1238,47tuc,17.712,5.597448880048945e-09,0.583
1240,47tuc,17.719,5.561476878106135e-09,0.5429999999999999
1243,47tuc,17.785,5.233474783912041e-09,0.5479999999999999
1248,47tuc,17.928,4.587648506173342e-09,0.545
1250,47tuc,17.945999999999998,4.512218647384367e-09,0.5539999999999999
1252,47tuc,17.964000000000002,4.43802900209239e-09,0.528
1254,47tuc,18.002,4.285387869924687e-09,0.5479999999999999
1256,47tuc,18.037,4.149446179938635e-09,0.5579999999999999
1258,47tuc,18.08,3.988321282316658e-09,0.5870000000000001
1261,47tuc,18.105999999999998,3.893947895526803e-09,0.544
1264,47tuc,18.132,3.801807612718233e-09,0.551
1266,47tuc,18.151,3.735856070058548e-09,0.578
1269,47tuc,18.23,3.4736826219447447e-09,0.585
1272,47tuc,18.316,3.2091508785783094e-09,0.568
1274,47tuc,18.36,3.0816984219700702e-09,0.601
1276,47tuc,18.404,2.9593077805615864e-09,0.591
1278,47tuc,18.433,2.881310991599599e-09,0.603
1281,47tuc,18.465,2.797629095282149e-09,0.5920000000000001
1283,47tuc,18.472,2.7796501335430875e-09,0.606
1285,47tuc,18.495,2.72138593559337e-09,0.614
1287,47tuc,18.509,2.6865203583098453e-09,0.598
1293,47tuc,18.58,2.516460605224357e-09,0.614
1295,47tuc,18.602,2.4659833273348732e-09,0.602
1299,47tuc,18.679000000000002,2.2971541318777782e-09,0.644
1301,47tuc,18.72,2.2120255347100843e-09,0.613
1303,47tuc,18.738,2.175655535243842e-09,0.6829999999999999
1306,47tuc,18.791,2.0720018363643594e-09,0.625
1309,47tuc,18.805999999999997,2.043572905396371e-09,0.64
1311,47tuc,18.822,2.0136785131658624e-09,0.636
1313,47tuc,18.831,1.9970555068901386e-09,0.6559999999999999
1315,47tuc,18.844,1.9732864602650012e-09,0.688
1317,47tuc,18.868,1.930145888215244e-09,0.687
1319,47tuc,18.899,1.8758155683849482e-09,0.66
1321,47tuc,18.918,1.8432750131853195e-09,0.6709999999999999
1324,47tuc,18.944000000000003,1.7996586409159355e-09,0.655
1327,47tuc,18.976,1.7473911667574753e-09,0.696
1330,47tuc,19.023,1.673362899734096e-09,0.7040000000000001
1332,47tuc,19.102,1.555930291747642e-09,0.693
1334,47tuc,19.127,1.5205129943084304e-09,0.69
1337,47tuc,19.160999999999998,1.4736357063368503e-09,0.703
1339,47tuc,19.202,1.4190252913560496e-09,0.684
1346,47tuc,19.317,1.276409817704722e-09,0.738
1350,47tuc,19.368,1.2178397240876563e-09,0.735
1353,47tuc,19.43,1.150244422279152e-09,0.665
1359,47tuc,19.503,1.0754497822730947e-09,0.708
1361,47tuc,19.512999999999998,1.065589999404157e-09,0.8029999999999999
1366,47tuc,19.519000000000002,1.059717572509212e-09,0.77
1368,47tuc,19.563,1.0176305491695552e-09,0.7829999999999999
1372,47tuc,19.6,9.83535717172175e-10,0.73
1379,47tuc,19.688,9.069641816209251e-10,0.794
1381,47tuc,19.708,8.904102196991467e-10,0.703
1383,47tuc,19.723,8.781933334856472e-10,0.802
1385,47tuc,19.762999999999998,8.464282231665512e-10,0.797
1387,47tuc,19.765,8.448704799344053e-10,1.065
1390,47tuc,19.82,8.031379282443283e-10,0.83
1392,47tuc,19.833,7.935789436307394e-10,0.8059999999999999
1395,47tuc,19.845,7.848562770416967e-10,0.8190000000000001
1397,47tuc,19.878,7.613601396770772e-10,0.8270000000000001
1400,47tuc,19.937,7.210911010348278e-10,0.821
1402,47tuc,19.944000000000003,7.164570094971949e-10,0.835
1405,47tuc,20.017,6.698693946674914e-10,0.866
1407,47tuc,20.035999999999998,6.582488908284667e-10,0.855
1411,47tuc,20.101,6.199977821940314e-10,0.868
1419,47tuc,20.178,5.775507284801166e-10,0.87
1421,47tuc,20.192999999999998,5.696264354113023e-10,0.934
1423,47tuc,20.203,5.644040688609146e-10,0.897
1425,47tuc,20.217,5.57173093854896e-10,0.861
1428,47tuc,20.247,5.419885802105719e-10,0.92
1431,47tuc,20.334,5.002535001591686e-10,0.9420000000000001
1434,47tuc,20.36,4.884162850198523e-10,0.925
1437,47tuc,20.39,4.751055853005197e-10,0.934
1440,47tuc,20.403,4.694508567414458e-10,0.9790000000000001
1443,47tuc,20.447,4.5080646537052867e-10,0.9259999999999999
1445,47tuc,20.465,4.4339433081438233e-10,1.0090000000000001
1447,47tuc,20.523000000000003,4.2032975628335886e-10,0.983
1450,47tuc,20.535,4.157096786578895e-10,0.956
1453,47tuc,20.558000000000003,4.0699599533686376e-10,0.9740000000000001
1456,47tuc,20.604,3.901127423187718e-10,0.9440000000000001
1458,47tuc,20.616,3.8582479666359176e-10,0.996
1460,47tuc,20.631999999999998,3.801807612718241e-10,1.011
1465,47tuc,20.689,3.6073654045220003e-10,0.996
1468,47tuc,20.712,3.5317514812193126e-10,1.01
1473,47tuc,20.77,3.348036129888564e-10,0.996
1478,47tuc,20.83,3.16803620369587e-10,1.06
1483,47tuc,20.893,2.9894420285933533e-10,1.001
1485,47tuc,20.909000000000002,2.9457109963815226e-10,1.048
1490,47tuc,20.96,2.8105423644627006e-10,0.995
1497,47tuc,21.016,2.6692554368037383e-10,1.082
1501,47tuc,21.025,2.647220613674132e-10,1.0290000000000001
1507,47tuc,21.101999999999997,2.4659833273348783e-10,1.095
1509,47tuc,21.112,2.4433750562963583e-10,1.114
1515,47tuc,21.164,2.3291107291029337e-10,1.128
1517,47tuc,21.179000000000002,2.2971541318777736e-10,1.0959999999999999
1519,47tuc,21.195,2.2635502284149072e-10,1.081
1522,47tuc,21.26,2.1320144113509074e-10,1.156
1530,47tuc,21.309,2.03793409867322e-10,1.178
1532,47tuc,21.335,1.9897116187543944e-10,1.181
1536,47tuc,21.36,1.9444202528150368e-10,1.155
1544,47tuc,21.434,1.816310677297257e-10,1.052
1551,47tuc,21.471,1.7554567579175469e-10,0.522
1559,47tuc,21.521,1.6764481888924788e-10,1.213
1562,47tuc,21.56,1.6172983220898504e-10,1.209
1567,47tuc,21.589000000000002,1.574672111749306e-10,1.2670000000000001
1572,47tuc,21.615,1.5374115377508715e-10,1.31
1575,47tuc,21.63,1.5163174606564173e-10,1.288
1579,47tuc,21.651,1.4872710896461212e-10,1.179
1582,47tuc,21.662,1.472279062546339e-10,1.386
1589,47tuc,21.721,1.3944088676514565e-10,1.244
1594,47tuc,21.749000000000002,1.3589082522065587e-10,1.234
1607,47tuc,21.846999999999998,1.2416241065739367e-10,1.183
1615,47tuc,21.872,1.2133612913800482e-10,1.33
1622,47tuc,21.893,1.1901183075370083e-10,1.169
1627,47tuc,21.930999999999997,1.149185495743685e-10,1.265
1641,47tuc,21.991999999999997,1.0864009481834516e-10,1.265
1645,47tuc,22.01,1.0685384048784391e-10,1.3230000000000002
1652,47tuc,22.061999999999998,1.0185682533050571e-10,1.319
1654,47tuc,22.066999999999997,1.0138883572821388e-10,1.3130000000000002
1660,47tuc,22.085,9.972180619195572e-11,1.386
1662,47tuc,22.09,9.926362611155222e-11,1.425
1678,47tuc,22.166,9.255292232106268e-11,1.3619999999999999
1681,47tuc,22.178,9.15356217869096e-11,1.3090000000000002
1683,47tuc,22.182,9.119901253167435e-11,1.391
1686,47tuc,22.211,8.87953321234725e-11,1.0490000000000002
1688,47tuc,22.22,8.80623226815516e-11,1.335
1697,47tuc,22.255,8.526879702347946e-11,1.321
1706,47tuc,22.295,8.218454138073023e-11,1.305
1719,47tuc,22.346,7.841337304922941e-11,1.202
1722,47tuc,22.355999999999998,7.769447492397018e-11,1.286
1726,47tuc,22.378,7.613601396770757e-11,1.285
1737,47tuc,22.416,7.351739940586319e-11,1.371
1739,47tuc,22.421,7.317961763819203e-11,1.237
1741,47tuc,22.426,7.284338783677003e-11,1.419
1746,47tuc,22.445,7.157974319985493e-11,1.288
1750,47tuc,22.458000000000002,7.072779779940822e-11,1.495
1757,47tuc,22.49,6.867365082968959e-11,1.3330000000000002
1762,47tuc,22.521,6.67406045059519e-11,1.426
1766,47tuc,22.529,6.625064883872989e-11,1.163
1769,47tuc,22.531999999999996,6.606784420127447e-11,1.2919999999999998
1776,47tuc,22.554000000000002,6.474259995767934e-11,1.127
1785,47tuc,22.596,6.2285956192971e-11,1.297
1798,47tuc,22.627,6.053271259539571e-11,1.005
1802,47tuc,22.636999999999997,5.997774535053091e-11,1.631
1806,47tuc,22.651,5.920932853450336e-11,1.092
1812,47tuc,22.668000000000003,5.828947395742498e-11,0.327
1822,47tuc,22.709,5.612936590077383e-11,1.275
1828,47tuc,22.721999999999998,5.5461311602567565e-11,1.5319999999999998
1836,47tuc,22.774,5.286766580136259e-11,1.392
1840,47tuc,22.791,5.204633298826582e-11,1.489
1843,47tuc,22.8,5.161668817940686e-11,1.489
1860,47tuc,22.846999999999998,4.9429945995916344e-11,1.2930000000000001
1864,47tuc,22.863000000000003,4.870686036993601e-11,1.37
1871,47tuc,22.879,4.799435239707625e-11,1.274
1874,47tuc,22.89,4.7510558530051874e-11,1.2209999999999999
1878,47tuc,22.894000000000002,4.7335845195391396e-11,1.406
1883,47tuc,22.906999999999996,4.677245178564024e-11,1.113
1894,47tuc,22.924,4.604581199895312e-11,1.2570000000000001
1905,47tuc,22.967,4.425783200776254e-11,1.581
1924,47tuc,23.003,4.28144269893116e-11,0.386
1935,47tuc,23.022,4.2071707263413546e-11,1.4780000000000002
1957,47tuc,23.079,3.9919963541422566e-11,1.274
1966,47tuc,23.113000000000003,3.868923441661337e-11,1.547
1991,47tuc,23.179000000000002,3.640743945647004e-11,1.177
2002,47tuc,23.205,3.554595084443499e-11,1.291
2022,47tuc,23.26,3.379015126779043e-11,1.5430000000000001
2037,47tuc,23.311999999999998,3.220995632783309e-11,0.493
2043,47tuc,23.32,3.19734968177547e-11,1.6869999999999998
2066,47tuc,23.389,3.000475852610543e-11,1.757
2075,47tuc,23.406,2.953861551878709e-11,1.558
2085,47tuc,23.424,2.9052943263293665e-11,1.485
2093,47tuc,23.445999999999998,2.847017495467648e-11,1.3940000000000001
2118,47tuc,23.516,2.6692554368037384e-11,1.472
2147,47tuc,23.616,2.4343898913747026e-11,0.667
2154,47tuc,23.631,2.4009888098908587e-11,1.3769999999999998
2165,47tuc,23.666,2.324824297748372e-11,1.2890000000000001
2311,47tuc,12.493,6.848416043129004e-07,1.308
2313,47tuc,12.619000000000002,6.098038135197847e-07,1.296
2315,47tuc,12.862,4.875174171163071e-07,1.224
2317,47tuc,13.195,3.5874853478085933e-07,1.141
2319,47tuc,13.225999999999999,3.4865037445406903e-07,0.98
2321,47tuc,13.370999999999999,3.0506342087428065e-07,1.091
2323,47tuc,13.565,2.551468059394787e-07,1.074
2325,47tuc,13.825999999999999,2.0062734962842588e-07,0.758
2327,47tuc,13.864,1.937269923354353e-07,0.718
2329,47tuc,13.925,1.8314292073947952e-07,0.8370000000000001
2331,47tuc,13.952,1.7864469992667569e-07,0.863
2333,47tuc,13.995999999999999,1.7154976836154418e-07,0.9159999999999999
2335,47tuc,13.998,1.7123405288405036e-07,1.003
2337,47tuc,14.049000000000001,1.6337670615360586e-07,0.6890000000000001
2339,47tuc,14.052999999999999,1.6277591150877155e-07,0.754
2341,47tuc,14.057,1.6217732620095754e-07,0.7909999999999999
2343,47tuc,14.072000000000001,1.5995216986652535e-07,0.775
2345,47tuc,14.077,1.5921725640227124e-07,0.789
2347,47tuc,14.087,1.5775754382155286e-07,0.768
2349,47tuc,14.092,1.5703271374804454e-07,0.805
2351,47tuc,14.095999999999998,1.5645524823472377e-07,0.785
2353,47tuc,14.103,1.5544978867375802e-07,0.779
2355,47tuc,14.107999999999999,1.54735561772009e-07,0.826
2357,47tuc,14.114,1.538828198402507e-07,0.809
2359,47tuc,14.135,1.5093506147621045e-07,0.8079999999999999
2361,47tuc,14.14,1.5024157786170557e-07,0.857
2363,47tuc,14.140999999999998,1.5010326396037613e-07,0.865
2365,47tuc,14.142999999999999,1.4982701803998088e-07,0.83
2367,47tuc,14.200999999999999,1.4203328640160666e-07,0.9740000000000001
2369,47tuc,14.413,1.1683962003748844e-07,0.9129999999999999
2371,47tuc,14.514000000000001,1.0646090065782439e-07,0.9309999999999999
2373,47tuc,14.520999999999999,1.0577672974222317e-07,0.914
2375,47tuc,14.538,1.0413342096960197e-07,0.9540000000000001
2377,47tuc,14.552999999999999,1.0270465687091739e-07,0.9079999999999999
2379,47tuc,14.564,1.01669370829387e-07,0.9329999999999999
2381,47tuc,14.585999999999999,9.963000129840825e-08,0.919
2383,47tuc,14.628,9.584956273666283e-08,0.92
2385,47tuc,14.665,9.263820598131046e-08,0.9279999999999999
2387,47tuc,14.71,8.887715332097222e-08,0.889
2389,47tuc,14.824000000000002,8.001845025221862e-08,0.897
2391,47tuc,14.907,7.412934042977674e-08,0.8909999999999999
2406,47tuc,15.42,4.6215763910201107e-08,0.873
2429,47tuc,15.83,3.168036203695864e-08,0.8540000000000001
2447,47tuc,16.160999999999998,2.3355551991409e-08,0.804
2462,47tuc,16.359,1.9462119550331964e-08,0.823
2477,47tuc,16.476,1.747391166757475e-08,0.836
2484,47tuc,16.522000000000002,1.6749048338992537e-08,0.804
2493,47tuc,16.585,1.5804841177355753e-08,0.7609999999999999
2502,47tuc,16.618,1.5331693761463465e-08,0.779
2504,47tuc,16.62,1.5303477733759537e-08,0.8270000000000001
2525,47tuc,16.738,1.3727458390210905e-08,0.769
2540,47tuc,16.843,1.2462068553800229e-08,0.774
2554,47tuc,16.897000000000002,1.1857418164035928e-08,0.745
2566,47tuc,16.934,1.1460145616984958e-08,0.754
2570,47tuc,16.947,1.1323746436010229e-08,0.721
2614,47tuc,17.076,1.0055186635024203e-08,0.733
2652,47tuc,17.148,9.410011105608369e-09,0.708
2669,47tuc,17.183,9.111505380733013e-09,0.6579999999999999
2731,47tuc,17.243,8.621644987233973e-09,0.614
2741,47tuc,17.253,8.542601270876009e-09,0.633
2776,47tuc,17.279,8.340462537092872e-09,0.608
2784,47tuc,17.285,8.294498557939093e-09,0.618
2802,47tuc,17.311,8.098230538081493e-09,0.615
2858,47tuc,17.374000000000002,7.641702673579389e-09,0.59
2869,47tuc,17.386,7.557708478510094e-09,0.5579999999999999
2885,47tuc,17.407,7.412934042977675e-09,0.575
2896,47tuc,17.42,7.324704960566762e-09,0.5710000000000001
5160,47tuc,11.989,1.089406935950493e-06,1.3619999999999999
5162,47tuc,12.005999999999998,1.0724823063163178e-06,1.473
5164,47tuc,12.125,9.61147710960117e-07,1.308
5166,47tuc,12.177999999999999,9.15356217869096e-07,1.4080000000000001
5168,47tuc,12.216,8.838735463123264e-07,1.371
5170,47tuc,12.335,7.921184627597325e-07,1.3430000000000002
5172,47tuc,12.383,7.578620075900784e-07,1.034
5174,47tuc,12.39,7.529916078430468e-07,1.39
5176,47tuc,12.436,7.21755556428848e-07,1.3719999999999999
5178,47tuc,12.482999999999999,6.911783656581822e-07,1.287
5180,47tuc,12.565999999999999,6.403097811076569e-07,0.557
5182,47tuc,12.582,6.309430138663624e-07,1.213
5184,47tuc,12.59,6.263111393481961e-07,1.301
5186,47tuc,12.645,5.953743713847228e-07,1.307
5188,47tuc,12.658,5.882881981942295e-07,1.247
5190,47tuc,12.690999999999999,5.706766931084121e-07,1.16
5192,47tuc,12.71,5.607769264435966e-07,1.258
5194,47tuc,12.727,5.520649002261665e-07,1.183
5196,47tuc,12.76,5.355378071655233e-07,1.158
5198,47tuc,12.834000000000001,5.002535001591681e-07,1.2329999999999999
5200,47tuc,12.878,4.803857719237174e-07,1.133
5202,47tuc,12.925999999999998,4.596107055242912e-07,1.183
5204,47tuc,12.975999999999999,4.389248162317795e-07,1.155
5206,47tuc,13.033,4.1647614991454517e-07,1.094
5208,47tuc,13.035,4.1570967865788954e-07,1.053
5210,47tuc,13.052,4.09251364400427e-07,1.185
5212,47tuc,13.088,3.9590422455227894e-07,1.091
5214,47tuc,13.117,3.854696024915399e-07,1.089
5216,47tuc,13.125,3.8263979569430284e-07,1.163
5218,47tuc,13.158,3.711847593216685e-07,0.904
5220,47tuc,13.172,3.6642925193723927e-07,1.043
5222,47tuc,13.208,3.5447869319634457e-07,1.2009999999999998
5224,47tuc,13.337,3.147676820891959e-07,1.139
5226,47tuc,13.375,3.039415934491152e-07,1.112
5228,47tuc,13.388,3.0032406660467677e-07,1.122
5230,47tuc,13.431,2.886623454046175e-07,1.171
5232,47tuc,13.434000000000001,2.878658427842852e-07,1.1179999999999999
5234,47tuc,13.458,2.815724346140225e-07,1.11
5236,47tuc,13.615,2.4366330801925193e-07,0.39799999999999996
5238,47tuc,13.644,2.3724121304887029e-07,1.0170000000000001
5240,47tuc,13.702,2.2490035242003566e-07,0.86
5242,47tuc,13.724,2.203891124812981e-07,1.074
5244,47tuc,13.742,2.1676548708568963e-07,1.052
5246,47tuc,13.796,2.0624818526793989e-07,0.782
5248,47tuc,13.802,2.0511155918203662e-07,1.058
5250,47tuc,13.837,1.9860498081918484e-07,0.9990000000000001
5252,47tuc,13.850999999999999,1.9606051359861261e-07,0.8909999999999999
5254,47tuc,13.859000000000002,1.9462119550331987e-07,0.8590000000000001
5256,47tuc,13.88,1.9089305835675605e-07,0.777
5258,47tuc,13.880999999999998,1.9071732029533648e-07,0.7879999999999999
5260,47tuc,13.884,1.9019107623276208e-07,1.04
5262,47tuc,13.886,1.8984105380474397e-07,1.068
5264,47tuc,13.892999999999999,1.886210403838751e-07,1.328
5266,47tuc,13.905999999999999,1.8637606407355377e-07,0.7929999999999999
5268,47tuc,13.909,1.8586179878829906e-07,1.0090000000000001
5270,47tuc,13.925999999999998,1.8297431753237222e-07,0.841
5272,47tuc,13.933,1.8179843318812764e-07,0.852
5274,47tuc,13.935,1.8146385634964048e-07,0.8190000000000001
5276,47tuc,13.94,1.8063010566393167e-07,0.8270000000000001
5278,47tuc,13.940999999999999,1.8046381577954976e-07,0.84
5280,47tuc,13.947000000000001,1.7946928639588397e-07,0.7909999999999999
5282,47tuc,13.950999999999999,1.788093135716214e-07,0.77
5284,47tuc,13.952,1.7864469992667569e-07,0.927
5286,47tuc,13.96,1.7733323468304718e-07,1.005
5288,47tuc,13.968,1.7603139715905427e-07,1.171
5290,47tuc,13.972000000000001,1.7538406668443603e-07,0.767
5292,47tuc,13.978,1.7441753160929694e-07,0.938
5294,47tuc,13.98,1.7409653837916172e-07,0.7340000000000001
5296,47tuc,13.985,1.732966374447657e-07,0.75
5298,47tuc,13.993,1.7202443336068268e-07,1.06
5300,47tuc,13.994000000000002,1.718660659444134e-07,0.755
5302,47tuc,13.997,1.713918379266271e-07,0.825
5304,47tuc,14.001,1.7076156877248057e-07,0.727
5306,47tuc,14.005,1.7013361734367856e-07,0.7040000000000001
5308,47tuc,14.008,1.6966416965097466e-07,0.8240000000000001
5310,47tuc,14.009,1.6950797511711583e-07,0.8109999999999999
5312,47tuc,14.01,1.693519243775096e-07,0.843
5314,47tuc,14.014000000000001,1.6872915671586482e-07,0.835
5316,47tuc,14.014000000000001,1.6872915671586482e-07,0.833
5318,47tuc,14.015,1.685738229642789e-07,0.835
5320,47tuc,14.017000000000001,1.6826358433488054e-07,1.02
5322,47tuc,14.023,1.673362899734096e-07,0.878
5324,47tuc,14.026,1.6687456091327334e-07,0.86
5326,47tuc,14.027000000000001,1.667209345211579e-07,0.965
5328,47tuc,14.027999999999999,1.665674495590382e-07,0.8029999999999999
5330,47tuc,14.035,1.65497003942196e-07,0.8009999999999999
5332,47tuc,14.038,1.6504035000240944e-07,0.774
5334,47tuc,14.038,1.6504035000240944e-07,0.9570000000000001
5336,47tuc,14.040999999999999,1.645849561024776e-07,0.77
5338,47tuc,14.044,1.6413081876558613e-07,0.9740000000000001
5340,47tuc,14.046,1.638287569189692e-07,0.735
5342,47tuc,14.050999999999998,1.6307603215510865e-07,0.804
5344,47tuc,14.057,1.6217732620095754e-07,0.784
5346,47tuc,14.058,1.620280241301639e-07,0.872
5348,47tuc,14.058,1.620280241301639e-07,0.7809999999999999
5350,47tuc,14.061,1.615809421056415e-07,0.767
5352,47tuc,14.062000000000001,1.6143218907201877e-07,0.825
5354,47tuc,14.062000000000001,1.6143218907201877e-07,1.04
5356,47tuc,14.065,1.609867511281766e-07,0.828
5358,47tuc,14.065999999999999,1.6083854511271922e-07,0.858
5360,47tuc,14.07,1.6024708419480895e-07,0.823
5362,47tuc,14.071,1.6009955912413858e-07,0.75
5364,47tuc,14.077,1.5921725640227124e-07,0.779
5366,47tuc,14.081,1.5863175754344486e-07,0.8
5368,47tuc,14.081,1.5863175754344486e-07,0.853
5370,47tuc,14.082,1.584857195586678e-07,0.785
5372,47tuc,14.084000000000001,1.581940467974376e-07,0.797
5374,47tuc,14.084000000000001,1.581940467974376e-07,0.8490000000000001
5376,47tuc,14.085,1.5804841177355736e-07,0.878
5378,47tuc,14.089,1.5746721117493045e-07,0.861
5380,47tuc,14.091,1.5717741284852943e-07,0.772
5382,47tuc,14.094000000000001,1.5674371505876256e-07,0.774
5384,47tuc,14.095,1.5659941522480684e-07,0.805
5386,47tuc,14.1,1.5587990626885415e-07,0.818
5388,47tuc,14.100999999999999,1.5573640166592188e-07,0.804
5390,47tuc,14.100999999999999,1.5573640166592188e-07,0.8079999999999999
5392,47tuc,14.102,1.5559302917476421e-07,0.818
5394,47tuc,14.105,1.551637031562656e-07,0.677
5396,47tuc,14.106,1.5502085789709194e-07,0.8490000000000001
5398,47tuc,14.109000000000002,1.5459311066408128e-07,0.8420000000000001
5400,47tuc,14.114,1.538828198402507e-07,0.7809999999999999
5402,47tuc,14.115,1.5374115377508668e-07,0.799
5404,47tuc,14.12,1.5303477733759552e-07,0.843
5406,47tuc,14.124,1.5247201366789912e-07,0.83
5408,47tuc,14.130999999999998,1.5149215236153999e-07,0.848
5410,47tuc,14.140999999999998,1.5010326396037613e-07,0.8909999999999999
5412,47tuc,14.145999999999999,1.4941360210830455e-07,0.83
5414,47tuc,14.155999999999999,1.4804376997040553e-07,1.061
5416,47tuc,14.207,1.4125054623746428e-07,0.982
5418,47tuc,14.228,1.3854476998817938e-07,0.977
5420,47tuc,14.242,1.3676977610654243e-07,1.001
5422,47tuc,14.267000000000001,1.336565159131059e-07,0.9590000000000001
5424,47tuc,14.272,1.3304242000423625e-07,0.997
5426,47tuc,14.292,1.3061412217355988e-07,1.07
5428,47tuc,14.299000000000001,1.297747305940615e-07,1.054
5430,47tuc,14.345999999999998,1.242768211436375e-07,0.89
5432,47tuc,14.357000000000001,1.2302408283423924e-07,0.917
5434,47tuc,14.389000000000001,1.194510951996871e-07,0.971
5436,47tuc,14.43,1.150244422279152e-07,0.67
5438,47tuc,14.437999999999999,1.1418002558296822e-07,0.9209999999999999
5440,47tuc,14.466,1.1127308682652166e-07,1.17
5442,47tuc,14.477,1.1015142908383253e-07,0.9420000000000001
5444,47tuc,14.484000000000002,1.094435409894669e-07,0.938
5446,47tuc,14.502,1.076440764421955e-07,0.968
5448,47tuc,14.509,1.0695230184811013e-07,0.9209999999999999
5450,47tuc,14.512,1.0665718961740632e-07,0.948
5452,47tuc,14.515999999999998,1.0626497294304781e-07,1.11
5454,47tuc,14.529000000000002,1.050002023406344e-07,0.973
5456,47tuc,14.536,1.0432541860191138e-07,0.94
5458,47tuc,14.545,1.0346420760085092e-07,0.94
5460,47tuc,14.547,1.032737949175918e-07,0.94
5462,47tuc,14.559000000000001,1.021386553228718e-07,1.088
5464,47tuc,14.569,1.0120224250229309e-07,0.9520000000000001
5466,47tuc,14.574000000000002,1.0073726043490543e-07,0.9309999999999999
5468,47tuc,14.599,9.844420043410887e-08,0.902
5470,47tuc,14.61,9.7451860751721e-08,0.9840000000000001
5472,47tuc,14.634,9.532133935769163e-08,0.917
5474,47tuc,14.649000000000001,9.401348155138211e-08,0.993
5476,47tuc,14.661,9.298012720014916e-08,0.934
5478,47tuc,14.679,9.145135317671397e-08,0.9109999999999999
5480,47tuc,14.687000000000001,9.077999113113803e-08,0.92
5482,47tuc,14.700999999999999,8.961694521575243e-08,0.9570000000000001
5484,47tuc,14.705,8.928739162124264e-08,0.9079999999999999
5486,47tuc,14.719000000000001,8.814346844140302e-08,0.835
5488,47tuc,14.722999999999999,8.781933334856472e-08,0.905
5490,47tuc,14.734000000000002,8.693409471613777e-08,1.037
5492,47tuc,14.735999999999999,8.677410359819053e-08,0.905
5494,47tuc,14.758,8.503351583304022e-08,0.982
5496,47tuc,14.762,8.472081714944731e-08,0.9109999999999999
5498,47tuc,14.775,8.371246608158927e-08,0.985
5500,47tuc,14.815,8.068450444857302e-08,0.929
5502,47tuc,14.818,8.04618726428092e-08,0.9470000000000001
5504,47tuc,14.828,7.97241937603888e-08,0.912
5507,47tuc,14.852,7.798123986378759e-08,0.79
5509,47tuc,14.872,7.655792183042146e-08,0.925
5511,47tuc,14.887,7.550750776390246e-08,0.875
5513,47tuc,14.929,7.264239193200601e-08,0.893
5515,47tuc,14.94,7.191014028264709e-08,0.914
5517,47tuc,14.944,7.164570094971964e-08,0.938
5519,47tuc,14.993,6.848416043129003e-08,0.937
5536,47tuc,15.104000000000001,6.182870295933568e-08,0.937
5557,47tuc,15.235999999999999,5.475075797596346e-08,0.9109999999999999
5570,47tuc,15.305,5.137953103952614e-08,0.888
5592,47tuc,15.434000000000001,4.5623661457089505e-08,0.8809999999999999
5619,47tuc,15.593,3.940852098716932e-08,0.861
5635,47tuc,15.662,3.698197800605789e-08,0.8640000000000001
5644,47tuc,15.713,3.528500115433318e-08,0.917
5665,47tuc,15.783,3.3081876496638576e-08,0.885
5678,47tuc,15.86,3.0816984219700705e-08,0.889
5696,47tuc,15.91,2.9429991453353725e-08,0.847
5730,47tuc,16.012,2.6791074742290734e-08,0.833
5756,47tuc,16.094,2.4842204695769745e-08,0.818
5809,47tuc,16.249000000000002,2.15372443810141e-08,0.8190000000000001
5835,47tuc,16.294,2.066284586025792e-08,0.802
5854,47tuc,16.335,1.9897116187543984e-08,0.847
5863,47tuc,16.366,1.9337046250463048e-08,0.843
5883,47tuc,16.416,1.8466735804745798e-08,0.8220000000000001
5908,47tuc,16.480999999999998,1.739362633622597e-08,0.8240000000000001
5921,47tuc,16.500999999999998,1.7076156877248072e-08,0.7879999999999999
5969,47tuc,16.592,1.570327137480447e-08,0.804
5986,47tuc,16.618,1.5331693761463465e-08,0.74
6016,47tuc,16.654,1.483167279991325e-08,0.7709999999999999
6031,47tuc,16.689,1.4361180343468273e-08,0.8079999999999999
6067,47tuc,16.737000000000002,1.3740107670947323e-08,0.797
6123,47tuc,16.803,1.2929750244439822e-08,0.782
6181,47tuc,16.875,1.210013277815488e-08,0.754
6222,47tuc,16.915,1.166245916128942e-08,0.735
6239,47tuc,16.932000000000002,1.1481275440665898e-08,0.767
6283,47tuc,16.974,1.104562096060716e-08,0.743
6349,47tuc,17.032,1.0471047651518119e-08,0.6970000000000001
6385,47tuc,17.062,1.018568253305055e-08,0.738
6437,47tuc,17.1,9.83535717172175e-09,0.69
6509,47tuc,17.146,9.427360961547591e-09,0.664
6553,47tuc,17.171,9.21276802701007e-09,0.6579999999999999
6586,47tuc,17.19,9.052950296750758e-09,0.687
6656,47tuc,17.233,8.701420086094457e-09,0.614
6745,47tuc,17.283,8.309791670078203e-09,0.617
6824,47tuc,17.32,8.031379282443284e-09,0.623
6908,47tuc,17.368,7.684049183128386e-09,0.575
6955,47tuc,17.387,7.550750776390246e-09,0.5710000000000001
7118,47tuc,17.484,6.905420599322325e-09,0.5479999999999999
